-- phpMyAdmin SQL Dump
-- version 4.5.1
-- http://www.phpmyadmin.net
--
-- Host: 127.0.0.1
-- Generation Time: 2018-02-05 10:01:15
-- 服务器版本： 10.1.19-MariaDB
-- PHP Version: 5.6.28

SET SQL_MODE = "NO_AUTO_VALUE_ON_ZERO";
SET time_zone = "+00:00";


/*!40101 SET @OLD_CHARACTER_SET_CLIENT=@@CHARACTER_SET_CLIENT */;
/*!40101 SET @OLD_CHARACTER_SET_RESULTS=@@CHARACTER_SET_RESULTS */;
/*!40101 SET @OLD_COLLATION_CONNECTION=@@COLLATION_CONNECTION */;
/*!40101 SET NAMES utf8mb4 */;

--
-- Database: `meizu`
--
SET NAMES UTF8;
DROP DATABASE IF EXISTS meizu;
CREATE DATABASE meizu CHARSET=UTF8;
USE meizu;
-- --------------------------------------------------------

--
-- 表的结构 `mz_home_banner`
--

CREATE TABLE `mz_home_banner` (
  `bid` int(11) NOT NULL,
  `img_url` varchar(255) NOT NULL DEFAULT ''
) ENGINE=InnoDB DEFAULT CHARSET=utf8;

--
-- 转存表中的数据 `mz_home_banner`
--

INSERT INTO `mz_home_banner` (`bid`, `img_url`) VALUES
(1, 'imgs/home/banner/banner01.jpg'),
(2, 'imgs/home/banner/banner02.jpg'),
(3, 'imgs/home/banner/banner03.jpg'),
(4, 'imgs/home/banner/banner04.jpg'),
(5, 'imgs/home/banner/banner05.jpg'),
(6, 'imgs/home/banner/banner06.jpg');

-- --------------------------------------------------------

--
-- 表的结构 `mz_phone`
--

CREATE TABLE `mz_phone` (
  `phone_id` int(11) NOT NULL,
  `phone_family_id` int(11) NOT NULL,
  `pname` varchar(32) NOT NULL DEFAULT '',
  `title` varchar(255) NOT NULL DEFAULT '',
  `subtitle` varchar(255) NOT NULL DEFAULT '',
  `price` decimal(10,0) NOT NULL DEFAULT '0',
  `spec` varchar(16) NOT NULL DEFAULT '',
  `network` varchar(16) NOT NULL DEFAULT '',
  `color` varchar(16) NOT NULL DEFAULT '',
  `pcount` int(11) NOT NULL DEFAULT '0',
  `expire` int(11) NOT NULL DEFAULT '0'
) ENGINE=InnoDB DEFAULT CHARSET=utf8;

--
-- 转存表中的数据 `mz_phone`
--

INSERT INTO `mz_phone` (`phone_id`, `phone_family_id`, `pname`, `title`, `subtitle`, `price`, `spec`, `network`, `color`, `pcount`, `expire`) VALUES
(1, 1, 'pro7', '魅族 PRO 7 手机', '购机赠EP2X耳机', '2399', '4GB+64GB', '全网通公开版', '香槟金', 100, 0),
(2, 1, 'pro7', '魅族 PRO 7 手机', '购机赠EP2X耳机', '2399', '4GB+64GB', '全网通公开版', '静谧黑', 100, 0),
(3, 1, 'pro7', '魅族 PRO 7 手机', '购机赠EP2X耳机', '2399', '4GB+64GB', '全网通公开版', '提香红', 100, 0),
(4, 1, 'pro7', '魅族 PRO 7 手机', '购机赠EP2X耳机', '2399', '4GB+64GB', '全网通公开版', '曜影黑', 100, 0),
(5, 2, 'pro7plus', '魅族 PRO 7 Plus 手机', '购机即赠价值229元魅族手环', '2799', '6GB+64GB', '全网通公开版', '月光银', 100, 0),
(6, 2, 'pro7plus', '魅族 PRO 7 Plus 手机', '购机即赠价值229元魅族手环', '2799', '6GB+64GB', '全网通公开版', '静谧黑', 100, 0),
(7, 2, 'pro7plus', '魅族 PRO 7 Plus 手机', '购机即赠价值229元魅族手环', '2799', '6GB+64GB', '全网通公开版', '倚霞金', 100, 0),
(8, 2, 'pro7plus', '魅族 PRO 7 Plus 手机', '购机即赠价值229元魅族手环', '2799', '6GB+64GB', '全网通公开版', '曜影黑', 100, 0),
(9, 3, 'pro6plus', '魅族 PRO 6 Plus 手机', '领券立减300元', '2699', '4GB+64GB', '全网通公开版', '香槟金', 100, 0),
(10, 3, 'pro6plus', '魅族 PRO 6 Plus 手机', '领券立减300元', '2699', '4GB+64GB', '全网通公开版', '深空灰', 100, 0),
(11, 3, 'pro6plus', '魅族 PRO 6 Plus 手机', '领券立减300元', '2699', '4GB+64GB', '全网通公开版', '月光银', 100, 0),
(12, 4, 'pro6s', '魅族 PRO 6s 手机', '给科技以时间', '2299', '4GB+64GB', '全网通公开版', '香槟金', 100, 0),
(13, 4, 'pro6s', '魅族 PRO 6s 手机', '给科技以时间', '2299', '4GB+64GB', '全网通公开版', '星空黑', 100, 0),
(14, 5, 'mlnote5', '魅蓝 Note5 手机', '4000mAh真快充，金属指纹大运存', '1099', '4GB+32GB', '全网通公开版', '香槟金', 100, 0),
(15, 5, 'mlnote5', '魅蓝 Note5 手机', '4000mAh真快充，金属指纹大运存', '1099', '4GB+32GB', '全网通公开版', '月光银', 100, 0),
(16, 6, 'mls6', '魅蓝 S6 手机', '5.7 英寸全面屏，Exynos疾速游戏芯片', '1199', '3GB+64GB', '全网通公开版', '香槟金', 100, 0),
(17, 6, 'mls6', '魅蓝 S6 手机', '5.7 英寸全面屏，Exynos疾速游戏芯片', '1199', '3GB+64GB', '全网通公开版', '磨砂黑', 100, 0),
(18, 6, 'mls6', '魅蓝 S6 手机', '5.7 英寸全面屏，Exynos疾速游戏芯片', '1199', '3GB+64GB', '全网通公开版', '月光银', 100, 0),
(19, 7, 'ml6', '魅蓝 6 手机', '16G领券减20元赠自拍杆，32G领券减50元，3期免息', '899', '3GB+32GB', '全网通公开版', '电光蓝', 100, 0),
(20, 7, 'ml6', '魅蓝 6 手机', '16G领券减20元赠自拍杆，32G领券减50元，3期免息', '899', '3GB+32GB', '全网通公开版', '香槟金', 100, 0),
(21, 7, 'ml6', '魅蓝 6 手机', '16G领券减20元赠自拍杆，32G领券减50元，3期免息', '899', '3GB+32GB', '全网通公开版', '磨砂黑', 100, 0),
(22, 7, 'ml6', '魅蓝 6 手机', '16G领券减20元赠自拍杆，32G领券减50元，3期免息', '899', '3GB+32GB', '全网通公开版', '月光银', 100, 0),
(23, 8, 'mlnote6', '魅蓝 Note6 手机', '旗舰双摄 领券最高减100元', '1499', '4GB+64GB', '全网通公开版', '香槟金', 100, 0),
(24, 8, 'mlnote6', '魅蓝 Note6 手机', '旗舰双摄 领券最高减100元', '1499', '4GB+64GB', '全网通公开版', '曜石黑', 100, 0),
(25, 8, 'mlnote6', '魅蓝 Note6 手机', '旗舰双摄 领券最高减100元', '1499', '4GB+64GB', '全网通公开版', '皓月银', 100, 0),
(26, 8, 'mlnote6', '魅蓝 Note6 手机', '旗舰双摄 领券最高减100元', '1499', '4GB+64GB', '全网通公开版', '孔雀青', 100, 0),
(27, 9, 'mle2', '魅蓝 E2 手机', '32G直降100元，顺丰包邮', '1599', '4GB+64GB', '全网通公开版', '香槟金', 100, 0),
(28, 9, 'mle2', '魅蓝 E2 手机', '32G直降100元，顺丰包邮', '1599', '4GB+64GB', '全网通公开版', '月光银', 100, 0),
(29, 9, 'mle2', '魅蓝 E2 手机', '32G直降100元，顺丰包邮', '1599', '4GB+64GB', '全网通公开版', '曜石黑', 100, 0),
(30, 10, 'mlx', '魅蓝 X 手机', '高质屏幕 指纹解锁 强劲电芯 安全快充 顺丰包邮', '999', '3GB+32GB', '全网通公开版', '流光金', 100, 0),
(31, 10, 'mlx', '魅蓝 X 手机', '高质屏幕 指纹解锁 强劲电芯 安全快充 顺丰包邮', '999', '3GB+32GB', '全网通公开版', '珠光白', 100, 0),
(32, 11, 'mla5', '魅蓝 A5 手机', '5英寸高清屏幕 长续航', '699', '3GB+16GB', '全网通公开版', '香槟金', 100, 0),
(33, 11, 'mla5', '魅蓝 A5 手机', '5英寸高清屏幕 长续航', '699', '3GB+16GB', '全网通公开版', '磨砂黑', 100, 0),
(34, 11, 'mla5', '魅蓝 A5 手机', '5英寸高清屏幕 长续航', '699', '3GB+16GB', '全网通公开版', '皓月银', 100, 0),
(35, 12, 'mle', '魅蓝 E 手机', '春节期间，直降200元', '799', '3GB+32GB', '全网通公开版', '月光银', 100, 0),
(36, 13, 'meizubrand', '魅族手环', '腕间流动的心率专家', '169', '标准版', '无', '黑色', 100, 0),
(37, 14, 'mambo2', '乐心心率手环MAMBO2', '支持3期免息 24小时心率检测 跑步轨迹记录', '148', '标准版', '无', '玫瑰粉', 100, 0),
(38, 14, 'mambo2', '乐心心率手环MAMBO2', '支持3期免息 24小时心率检测 跑步轨迹记录', '148', '标准版', '无', '深海蓝', 100, 0),
(39, 14, 'mambo2', '乐心心率手环MAMBO2', '支持3期免息 24小时心率检测 跑步轨迹记录', '148', '标准版', '无', '象牙白', 100, 0),
(40, 15, 'mambo_damai', '乐心手环MAMBO 大麦版', '微信互联 来电提醒 即时消息 睡眠监测 防水', '75', '标准版', '无', '黑色', 100, 0),
(41, 16, 'mambo_ziva plus', '乐心运动手环 ziva plus', '6期免息 专业运动 精于心率', '429', '标准版', '无', '燃烧红', 100, 0),
(42, 16, 'mambo_ziva plus', '乐心运动手环 ziva plus', '6期免息 专业运动 精于心率', '429', '标准版', '无', '信念蓝', 100, 0),
(43, 17, 'live_earphone', '魅族 LIVE四单元动铁耳机', '魅族LIVE 声来强大 享6期免息', '1299', '标准版', '无', '银色', 100, 0),
(44, 18, 'flow_bass', '魅族 Flow Bass三单元耳机', '延续经典 重赋新声', '599', '标准版', '无', '极光灰', 100, 0),
(45, 19, 'flow', '魅族 Flow 三单元耳机', '用的惬意 听得尽兴', '599', '标准版', '无', '月光银', 100, 0),
(46, 20, 'EP52', '魅蓝EP52蓝牙耳机', '轻盈悦耳 动无拘束', '299', 'EP52', '无', '原力灰', 100, 0),
(47, 21, 'EP2X', '魅族 EP2X耳机', '契合声音的流动之美', '129', '标准版', '无', '珍珠黑', 100, 0),
(48, 21, 'EP2X', '魅族 EP2X耳机', '契合声音的流动之美', '129', '标准版', '无', '皓月白', 100, 0),
(49, 22, 'JBL T120A', 'JBL T120A立体声入耳式耳机', 'Pure Bass声音 随时随地置身演唱会之中', '128', 'T120A', '无', '白色', 100, 0),
(50, 22, 'JBL T120A', 'JBL T120A立体声入耳式耳机', 'Pure Bass声音 随时随地置身演唱会之中', '128', 'T120A', '无', '黑色', 100, 0),
(51, 22, 'JBL T120A', 'JBL T120A立体声入耳式耳机', 'Pure Bass声音 随时随地置身演唱会之中', '128', 'T120A', '无', '红色', 100, 0),
(52, 23, 'Beats Pro', 'Beats Pro 头戴耳机', '为录音师而生', '2298', 'Pro', '无', '纯黑色', 100, 0),
(53, 24, 'Beats Solo3.0 Wireless', 'Beats Solo3.0 Wireless 头戴式 蓝牙耳机', '最高支持12期免息 不设线 为声音而造 为情感而生', '2088', 'Solo3.0 Wireless', '无', '金色', 100, 0),
(54, 24, 'Beats Solo3.0 Wireless', 'Beats Solo3.0 Wireless 头戴式 蓝牙耳机', '最高支持12期免息 不设线 为声音而造 为情感而生', '2088', 'Solo3.0 Wireless', '无', '玫瑰金', 100, 0),
(55, 24, 'Beats Solo3.0 Wireless', 'Beats Solo3.0 Wireless 头戴式 蓝牙耳机', '最高支持12期免息 不设线 为声音而造 为情感而生', '2088', 'Solo3.0 Wireless', '无', '紫色', 100, 0),
(56, 25, 'V26', '雷柏游戏鼠标 电竞鼠标V26', '准确定位 7档dpi可调 磨砂握感', '149', 'V26', '无', '钻石黑', 100, 0),
(57, 25, 'V26', '雷柏游戏鼠标 电竞鼠标V26', '准确定位 7档dpi可调 磨砂握感', '149', 'V26', '无', '烈焰黑', 100, 0),
(58, 26, 'AJ110', '黑爵AJ110游戏鼠标', 'DPI调节四档变速、宏编程6键自定义', '29', 'AJ110', '无', '星辰黑', 100, 0),
(59, 26, 'AJ110', '黑爵AJ110游戏鼠标', 'DPI调节四档变速、宏编程6键自定义', '29', 'AJ110', '无', '月光白', 100, 0),
(60, 27, 'HD50', '魅族HD50 头戴式耳机', '清新简洁，有音质更有颜值', '399', 'HD50', '无', '银黑', 100, 0),
(61, 27, 'HD50', '魅族HD50 头戴式耳机', '清新简洁，有音质更有颜值', '399', 'HD50', '无', '银白', 100, 0),
(62, 27, 'HD50', '魅族HD50 头戴式耳机', '清新简洁，有音质更有颜值', '399', 'HD50', '无', '红色', 100, 0),
(63, 28, 'EP2X', '魅族 EP2X耳机', '契合声音的流动之美', '129', 'EP2X', '无', '珍珠黑', 100, 0),
(64, 28, 'EP2X', '魅族 EP2X耳机', '契合声音的流动之美', '129', 'EP2X', '无', '皓月白', 100, 0),
(65, 29, 'tizhichen', '魅族智能体脂秤', '精准测量 伴您塑身', '109', '标准版', '无', '白色', 100, 0),
(66, 30, 'beibao', '魅蓝 休闲旅行双肩包', '曲面一体式 多功能隔层 极简与线条之美', '169', '标准版', '无', '黑色', 100, 0),
(67, 30, 'beibao', '魅蓝 休闲旅行双肩包', '曲面一体式 多功能隔层 极简与线条之美', '169', '标准版', '无', '灰色', 100, 0),
(68, 31, 'Gamesir', 'Gamesir小鸡F1游戏手柄 王者荣耀握把摇杆', '荒野行动“吃鸡”王者荣耀 走位躺赢神器', '79', 'F1', '无', '黑色', 100, 0),
(69, 32, 'Gamesir G4', 'GameSir小鸡G4无线蓝牙游戏手柄', '适配荒野行动“吃鸡”王者荣耀 免ROOT免越狱', '199', 'G4', '无', '黑色', 100, 0),
(70, 33, 'X9E', '飞智黑武士蓝牙无线手柄', '正版游戏云端适配 购飞智游戏手柄即送手柄支架', '116', 'X9E', '无', '黑色', 100, 0),
(71, 34, 'QH6', '千幻魔镜6代耳机版VR 智能3D眼镜', '可调节耳机 可拆吸附式面板 支持近视用户观看', '129', '六代', '无', '黑色', 100, 0),
(72, 35, 'MZbox', '魅族盒子 一键找回遥控器', '一键找回遥控器，海量容量，4K输出', '399', 'MZbox', '无', '黑色', 100, 0),
(73, 35, 'MZbox', '魅族盒子 一键找回遥控器', '一键找回遥控器，海量容量，4K输出', '399', 'MZbox', '无', '白色', 100, 0),
(74, 36, 'sansung card', '三星存储卡32G/64G', '支持3期免息 升级版 Class10 高速TF卡', '90', '32GB', '无', '橙色', 100, 0),
(75, 37, 'Leipa 9060', '雷柏无线超薄键盘鼠标套装9060', '无线光学超薄键鼠套装 紧凑设计 简单便捷', '169', '键鼠套装9060', '无', '白色', 100, 0),
(76, 37, 'Leipa 9060', '雷柏无线超薄键盘鼠标套装9060', '无线光学超薄键鼠套装 紧凑设计 简单便捷', '169', '键鼠套装9060', '无', '黑色', 100, 0),
(77, 38, 'Baofen S1', '暴风魔镜S1 虚拟现实智能VR眼镜 安卓版', '支持3期免息', '199', '暴风魔镜S1', '无', '白色', 100, 0),
(78, 39, 'N7200', '雷柏有线轻薄键盘N7200', '有线轻薄不锈钢金属机身 剪刀式按键 更好手感', '99', '键盘N7200', '无', '黑色', 100, 0),
(79, 39, 'N7200', '雷柏有线轻薄键盘N7200', '有线轻薄不锈钢金属机身 剪刀式按键 更好手感', '99', '键盘N7200', '无', '白色', 100, 0),
(80, 40, 'mobile power', '魅族移动电源（小黄人闪充版）', '萌宝闪充 生动可爱', '199', '双眼版', '无', '黄色', 100, 0);

-- --------------------------------------------------------

--
-- 表的结构 `mz_phone_family`
--

CREATE TABLE `mz_phone_family` (
  `fid` int(11) NOT NULL,
  `fname` varchar(16) NOT NULL,
  `detail` longtext
) ENGINE=InnoDB DEFAULT CHARSET=utf8;

--
-- 转存表中的数据 `mz_phone_family`
--

INSERT INTO `mz_phone_family` (`fid`, `fname`, `detail`) VALUES
(1, 'pro7', '["imgs/phone/pro7/detail/1.jpg","imgs/phone/pro7/detail/2.jpg","imgs/phone/pro7/detail/3.jpg","imgs/phone/pro7/detail/4.jpg","imgs/phone/pro7/detail/5.jpg","imgs/phone/pro7/detail/6.jpg","imgs/phone/pro7/detail/7.jpg","imgs/phone/pro7/detail/8.jpg"]'),
(2, 'pro7plus', '["imgs/phone/pro7plus/detail/1.jpg","imgs/phone/pro7plus/detail/2.jpg","imgs/phone/pro7plus/detail/3.jpg","imgs/phone/pro7plus/detail/4.jpg","imgs/phone/pro7plus/detail/5.jpg","imgs/phone/pro7plus/detail/6.jpg","imgs/phone/pro7plus/detail/7.jpg","imgs/phone/pro7plus/detail/8.jpg"]'),
(3, 'pro6plus', '["imgs/phone/pro6plus/detail/1.jpg","imgs/phone/pro6plus/detail/10.jpg","imgs/phone/pro6plus/detail/2.jpg","imgs/phone/pro6plus/detail/3.jpg","imgs/phone/pro6plus/detail/4.jpg","imgs/phone/pro6plus/detail/5.jpg","imgs/phone/pro6plus/detail/6.jpg","imgs/phone/pro6plus/detail/7.jpg","imgs/phone/pro6plus/detail/8.jpg","imgs/phone/pro6plus/detail/9.jpg"]'),
(4, 'pro6s', '["imgs/phone/pro6s/detail/1.jpg","imgs/phone/pro6s/detail/10.jpg","imgs/phone/pro6s/detail/11.jpg","imgs/phone/pro6s/detail/12.jpg","imgs/phone/pro6s/detail/13.jpg","imgs/phone/pro6s/detail/2.jpg","imgs/phone/pro6s/detail/3.jpg","imgs/phone/pro6s/detail/4.jpg","imgs/phone/pro6s/detail/5.jpg","imgs/phone/pro6s/detail/6.jpg","imgs/phone/pro6s/detail/7.jpg","imgs/phone/pro6s/detail/8.jpg","imgs/phone/pro6s/detail/9.jpg"]'),
(5, 'mlnote5', '["imgs/phone/mlnote5/detail/1.jpg","imgs/phone/mlnote5/detail/2.png","imgs/phone/mlnote5/detail/3.png","imgs/phone/mlnote5/detail/4.png","imgs/phone/mlnote5/detail/5.png","imgs/phone/mlnote5/detail/6.png","imgs/phone/mlnote5/detail/7.png","imgs/phone/mlnote5/detail/8.png","imgs/phone/mlnote5/detail/9.png"]'),
(6, 'mls6', '["imgs/phone/mls6/detail/1.jpg","imgs/phone/mls6/detail/10.jpg","imgs/phone/mls6/detail/11.jpg","imgs/phone/mls6/detail/12.jpg","imgs/phone/mls6/detail/13.jpg","imgs/phone/mls6/detail/2.jpg","imgs/phone/mls6/detail/3.jpg","imgs/phone/mls6/detail/4.jpg","imgs/phone/mls6/detail/5.jpg","imgs/phone/mls6/detail/6.jpg","imgs/phone/mls6/detail/7.jpg","imgs/phone/mls6/detail/8.jpg","imgs/phone/mls6/detail/9.jpg"]'),
(7, 'ml6', '["imgs/phone/ml6/detail/1.png","imgs/phone/ml6/detail/10.jpg","imgs/phone/ml6/detail/2.png","imgs/phone/ml6/detail/3.png","imgs/phone/ml6/detail/4.png","imgs/phone/ml6/detail/5.png","imgs/phone/ml6/detail/6.png","imgs/phone/ml6/detail/7.png","imgs/phone/ml6/detail/8.png","imgs/phone/ml6/detail/9.png"]'),
(8, 'mlnote6', '["imgs/phone/mlnote6/detail/1.jpg","imgs/phone/mlnote6/detail/10.png","imgs/phone/mlnote6/detail/11.png","imgs/phone/mlnote6/detail/12.png","imgs/phone/mlnote6/detail/13.png","imgs/phone/mlnote6/detail/14.png","imgs/phone/mlnote6/detail/15.jpg","imgs/phone/mlnote6/detail/16.jpg","imgs/phone/mlnote6/detail/17.jpg","imgs/phone/mlnote6/detail/18.jpg","imgs/phone/mlnote6/detail/2.png","imgs/phone/mlnote6/detail/3.png","imgs/phone/mlnote6/detail/4.png","imgs/phone/mlnote6/detail/5.png","imgs/phone/mlnote6/detail/6.png","imgs/phone/mlnote6/detail/7.jpg","imgs/phone/mlnote6/detail/8.png","imgs/phone/mlnote6/detail/9.png"]'),
(9, 'mle2', '["imgs/phone/mle2/detail/1.jpg","imgs/phone/mle2/detail/10.jpg","imgs/phone/mle2/detail/11.jpg","imgs/phone/mle2/detail/2.jpg","imgs/phone/mle2/detail/3.jpg","imgs/phone/mle2/detail/4.jpg","imgs/phone/mle2/detail/5.jpg","imgs/phone/mle2/detail/6.jpg","imgs/phone/mle2/detail/7.jpg","imgs/phone/mle2/detail/8.jpg","imgs/phone/mle2/detail/9.jpg"]'),
(10, 'mlx', '["imgs/phone/mlx/detail/1.jpg","imgs/phone/mlx/detail/10.jpg","imgs/phone/mlx/detail/2.jpg","imgs/phone/mlx/detail/3.jpg","imgs/phone/mlx/detail/4.jpg","imgs/phone/mlx/detail/5.jpg","imgs/phone/mlx/detail/6.jpg","imgs/phone/mlx/detail/7.jpg","imgs/phone/mlx/detail/8.jpg","imgs/phone/mlx/detail/9.jpg"]'),
(11, 'mla5', '["imgs/phone/mla5/detail/1.jpg","imgs/phone/mla5/detail/10.png","imgs/phone/mla5/detail/11.jpg","imgs/phone/mla5/detail/2.jpg","imgs/phone/mla5/detail/3.png","imgs/phone/mla5/detail/4.jpg","imgs/phone/mla5/detail/5.jpg","imgs/phone/mla5/detail/6.jpg","imgs/phone/mla5/detail/7.jpg","imgs/phone/mla5/detail/8.jpg","imgs/phone/mla5/detail/9.jpg"]'),
(12, 'mle', '["imgs/phone/mle/detail/1.png","imgs/phone/mle/detail/2.png","imgs/phone/mle/detail/3.png","imgs/phone/mle/detail/4.png","imgs/phone/mle/detail/5.png","imgs/phone/mle/detail/6.png","imgs/phone/mle/detail/7.png","imgs/phone/mle/detail/8.png","imgs/phone/mle/detail/9.png"]'),
(13, 'meizubrand', '["imgs/phone/meizubrand/detail/1.jpg","imgs/phone/meizubrand/detail/10.jpg","imgs/phone/meizubrand/detail/2.jpg","imgs/phone/meizubrand/detail/3.jpg","imgs/phone/meizubrand/detail/4.jpg","imgs/phone/meizubrand/detail/5.jpg","imgs/phone/meizubrand/detail/6.jpg","imgs/phone/meizubrand/detail/7.jpg","imgs/phone/meizubrand/detail/8.jpg","imgs/phone/meizubrand/detail/9.jpg"]'),
(14, 'mambo2', '["imgs/phone/mambo2/detail/1.jpg","imgs/phone/mambo2/detail/10.jpg","imgs/phone/mambo2/detail/11.jpg","imgs/phone/mambo2/detail/12.jpg","imgs/phone/mambo2/detail/13.jpg","imgs/phone/mambo2/detail/2.jpg","imgs/phone/mambo2/detail/3.jpg","imgs/phone/mambo2/detail/4.jpg","imgs/phone/mambo2/detail/5.jpg","imgs/phone/mambo2/detail/6.jpg","imgs/phone/mambo2/detail/7.jpg","imgs/phone/mambo2/detail/8.jpg","imgs/phone/mambo2/detail/9.jpg"]'),
(15, 'mambo_damai', '["imgs/phone/mambo_damai/detail/1.jpg","imgs/phone/mambo_damai/detail/10.jpg","imgs/phone/mambo_damai/detail/11.jpg","imgs/phone/mambo_damai/detail/12.jpg","imgs/phone/mambo_damai/detail/13.jpg","imgs/phone/mambo_damai/detail/14.jpg","imgs/phone/mambo_damai/detail/15.jpg","imgs/phone/mambo_damai/detail/16.jpg","imgs/phone/mambo_damai/detail/17.jpg","imgs/phone/mambo_damai/detail/18.jpg","imgs/phone/mambo_damai/detail/19.jpg","imgs/phone/mambo_damai/detail/2.jpg","imgs/phone/mambo_damai/detail/20.jpg","imgs/phone/mambo_damai/detail/21.jpg","imgs/phone/mambo_damai/detail/3.jpg","imgs/phone/mambo_damai/detail/4.jpg","imgs/phone/mambo_damai/detail/5.jpg","imgs/phone/mambo_damai/detail/6.jpg","imgs/phone/mambo_damai/detail/7.jpg","imgs/phone/mambo_damai/detail/8.jpg","imgs/phone/mambo_damai/detail/9.jpg"]'),
(16, 'mambo_ziva plus', '["imgs/phone/mambo_ziva plus/detail/1.jpg","imgs/phone/mambo_ziva plus/detail/10.jpg","imgs/phone/mambo_ziva plus/detail/11.jpg","imgs/phone/mambo_ziva plus/detail/12.jpg","imgs/phone/mambo_ziva plus/detail/13.jpg","imgs/phone/mambo_ziva plus/detail/14.jpg","imgs/phone/mambo_ziva plus/detail/15.jpg","imgs/phone/mambo_ziva plus/detail/16.jpg","imgs/phone/mambo_ziva plus/detail/17.jpg","imgs/phone/mambo_ziva plus/detail/18.jpg","imgs/phone/mambo_ziva plus/detail/19.jpg","imgs/phone/mambo_ziva plus/detail/2.jpg","imgs/phone/mambo_ziva plus/detail/20.jpg","imgs/phone/mambo_ziva plus/detail/3.jpg","imgs/phone/mambo_ziva plus/detail/4.jpg","imgs/phone/mambo_ziva plus/detail/5.jpg","imgs/phone/mambo_ziva plus/detail/6.jpg","imgs/phone/mambo_ziva plus/detail/7.jpg","imgs/phone/mambo_ziva plus/detail/8.jpg","imgs/phone/mambo_ziva plus/detail/9.jpg"]'),
(17, 'live_earphone', '["imgs/phone/live_earphone/detail/1.jpg","imgs/phone/live_earphone/detail/10.jpg","imgs/phone/live_earphone/detail/11.jpg","imgs/phone/live_earphone/detail/12.jpg","imgs/phone/live_earphone/detail/2.jpg","imgs/phone/live_earphone/detail/3.jpg","imgs/phone/live_earphone/detail/4.jpg","imgs/phone/live_earphone/detail/5.jpg","imgs/phone/live_earphone/detail/6.jpg","imgs/phone/live_earphone/detail/7.jpg","imgs/phone/live_earphone/detail/8.jpg","imgs/phone/live_earphone/detail/9.jpg"]'),
(18, 'flow_bass', '["imgs/phone/flow_bass/detail/1.jpg","imgs/phone/flow_bass/detail/10.jpg","imgs/phone/flow_bass/detail/2.jpg","imgs/phone/flow_bass/detail/3.jpg","imgs/phone/flow_bass/detail/4.jpg","imgs/phone/flow_bass/detail/5.jpg","imgs/phone/flow_bass/detail/6.jpg","imgs/phone/flow_bass/detail/7.jpg","imgs/phone/flow_bass/detail/8.jpg","imgs/phone/flow_bass/detail/9.jpg"]'),
(19, 'flow', '["imgs/phone/flow/detail/1.jpg","imgs/phone/flow/detail/2.jpg","imgs/phone/flow/detail/3.jpg"]'),
(20, 'EP52', '["imgs/phone/EP52/detail/1.jpg","imgs/phone/EP52/detail/2.jpg","imgs/phone/EP52/detail/3.jpg","imgs/phone/EP52/detail/4.jpg","imgs/phone/EP52/detail/5.jpg"]'),
(21, 'EP2X', '["imgs/phone/EP2X/detail/1.jpg"]'),
(22, 'JBL T120A', '["imgs/phone/JBL T120A/detail/1.jpg","imgs/phone/JBL T120A/detail/10.jpg","imgs/phone/JBL T120A/detail/11.jpg","imgs/phone/JBL T120A/detail/2.jpg","imgs/phone/JBL T120A/detail/3.jpg","imgs/phone/JBL T120A/detail/4.jpg","imgs/phone/JBL T120A/detail/5.jpg","imgs/phone/JBL T120A/detail/6.jpg","imgs/phone/JBL T120A/detail/7.jpg","imgs/phone/JBL T120A/detail/8.jpg","imgs/phone/JBL T120A/detail/9.jpg"]'),
(23, 'Beats Pro', '["imgs/phone/Beats Pro/detail/1.jpg","imgs/phone/Beats Pro/detail/2.jpg","imgs/phone/Beats Pro/detail/3.jpg","imgs/phone/Beats Pro/detail/4.jpg","imgs/phone/Beats Pro/detail/5.jpg","imgs/phone/Beats Pro/detail/6.jpg","imgs/phone/Beats Pro/detail/7.jpg","imgs/phone/Beats Pro/detail/8.jpg","imgs/phone/Beats Pro/detail/9.jpg"]'),
(24, 'Beats Solo3.0 Wi', '["imgs/phone/Beats Solo3.0 Wi/detail/1.jpg","imgs/phone/Beats Solo3.0 Wi/detail/2.jpg","imgs/phone/Beats Solo3.0 Wi/detail/3.jpg","imgs/phone/Beats Solo3.0 Wi/detail/4.jpg","imgs/phone/Beats Solo3.0 Wi/detail/5.jpg","imgs/phone/Beats Solo3.0 Wi/detail/6.jpg","imgs/phone/Beats Solo3.0 Wi/detail/7.jpg","imgs/phone/Beats Solo3.0 Wi/detail/8.jpg","imgs/phone/Beats Solo3.0 Wi/detail/9.jpg"]'),
(25, 'V26', '["imgs/phone/V26/detail/1.jpg","imgs/phone/V26/detail/2.jpg","imgs/phone/V26/detail/3.jpg","imgs/phone/V26/detail/4.jpg","imgs/phone/V26/detail/5.jpg"]'),
(26, 'AJ110', '["imgs/phone/AJ110/detail/1.jpg","imgs/phone/AJ110/detail/10.jpg","imgs/phone/AJ110/detail/11.jpg","imgs/phone/AJ110/detail/2.jpg","imgs/phone/AJ110/detail/3.jpg","imgs/phone/AJ110/detail/4.jpg","imgs/phone/AJ110/detail/5.jpg","imgs/phone/AJ110/detail/6.jpg","imgs/phone/AJ110/detail/7.jpg","imgs/phone/AJ110/detail/8.jpg","imgs/phone/AJ110/detail/9.jpg"]'),
(27, 'HD50', '["imgs/phone/HD50/detail/1.jpg","imgs/phone/HD50/detail/2.jpg","imgs/phone/HD50/detail/3.jpg","imgs/phone/HD50/detail/4.jpg"]'),
(28, 'EP2X', '["imgs/phone/EP2X/detail/1.jpg"]'),
(29, 'tizhichen', '["imgs/phone/tizhichen/detail/1.jpg","imgs/phone/tizhichen/detail/2.jpg","imgs/phone/tizhichen/detail/3.jpg","imgs/phone/tizhichen/detail/4.jpg"]'),
(30, 'beibao', '["imgs/phone/beibao/detail/1.jpg","imgs/phone/beibao/detail/2.jpg"]'),
(31, 'Gamesir', '["imgs/phone/Gamesir/detail/1.jpg","imgs/phone/Gamesir/detail/10.jpg","imgs/phone/Gamesir/detail/11.jpg","imgs/phone/Gamesir/detail/12.jpg","imgs/phone/Gamesir/detail/13.jpg","imgs/phone/Gamesir/detail/2.jpg","imgs/phone/Gamesir/detail/3.jpg","imgs/phone/Gamesir/detail/4.jpg","imgs/phone/Gamesir/detail/5.jpg","imgs/phone/Gamesir/detail/6.jpg","imgs/phone/Gamesir/detail/7.jpg","imgs/phone/Gamesir/detail/8.jpg","imgs/phone/Gamesir/detail/9.jpg"]'),
(32, 'Gamesir G4', '["imgs/phone/Gamesir G4/detail/1.jpg","imgs/phone/Gamesir G4/detail/10.jpg","imgs/phone/Gamesir G4/detail/11.jpg","imgs/phone/Gamesir G4/detail/12.jpg","imgs/phone/Gamesir G4/detail/13.jpg","imgs/phone/Gamesir G4/detail/14.jpg","imgs/phone/Gamesir G4/detail/15.jpg","imgs/phone/Gamesir G4/detail/16.jpg","imgs/phone/Gamesir G4/detail/17.jpg","imgs/phone/Gamesir G4/detail/18.jpg","imgs/phone/Gamesir G4/detail/19.jpg","imgs/phone/Gamesir G4/detail/2.jpg","imgs/phone/Gamesir G4/detail/20.jpg","imgs/phone/Gamesir G4/detail/21.jpg","imgs/phone/Gamesir G4/detail/3.jpg","imgs/phone/Gamesir G4/detail/4.jpg","imgs/phone/Gamesir G4/detail/5.jpg","imgs/phone/Gamesir G4/detail/6.jpg","imgs/phone/Gamesir G4/detail/7.jpg","imgs/phone/Gamesir G4/detail/8.jpg","imgs/phone/Gamesir G4/detail/9.jpg"]'),
(33, 'X9E', '["imgs/phone/X9E/detail/1.jpg","imgs/phone/X9E/detail/10.jpg","imgs/phone/X9E/detail/11.jpg","imgs/phone/X9E/detail/12.jpg","imgs/phone/X9E/detail/13.jpg","imgs/phone/X9E/detail/14.jpg","imgs/phone/X9E/detail/15.jpg","imgs/phone/X9E/detail/16.jpg","imgs/phone/X9E/detail/17.jpg","imgs/phone/X9E/detail/18.jpg","imgs/phone/X9E/detail/19.jpg","imgs/phone/X9E/detail/2.jpg","imgs/phone/X9E/detail/20.jpg","imgs/phone/X9E/detail/3.jpg","imgs/phone/X9E/detail/4.jpg","imgs/phone/X9E/detail/5.jpg","imgs/phone/X9E/detail/6.jpg","imgs/phone/X9E/detail/7.jpg","imgs/phone/X9E/detail/8.jpg"]'),
(34, 'QH6', '["imgs/phone/QH6/detail/1.jpg","imgs/phone/QH6/detail/10.jpg","imgs/phone/QH6/detail/11.jpg","imgs/phone/QH6/detail/12.jpg","imgs/phone/QH6/detail/13.jpg","imgs/phone/QH6/detail/2.jpg","imgs/phone/QH6/detail/3.jpg","imgs/phone/QH6/detail/4.jpg","imgs/phone/QH6/detail/5.jpg","imgs/phone/QH6/detail/6.jpg","imgs/phone/QH6/detail/7.jpg","imgs/phone/QH6/detail/8.jpg","imgs/phone/QH6/detail/9.jpg"]'),
(35, 'MZbox', '["imgs/phone/MZbox/detail/1.jpg"]'),
(36, 'sansung card', '["imgs/phone/sansung card/detail/1.jpg","imgs/phone/sansung card/detail/2.jpg","imgs/phone/sansung card/detail/3.jpg","imgs/phone/sansung card/detail/4.jpg","imgs/phone/sansung card/detail/5.jpg","imgs/phone/sansung card/detail/6.jpg","imgs/phone/sansung card/detail/7.jpg"]'),
(37, 'Leipa 9060', '["imgs/phone/Leipa 9060/detail/1.jpg"]'),
(38, 'Baofen S1', '["imgs/phone/Baofen S1/detail/1.jpg","imgs/phone/Baofen S1/detail/10.jpg","imgs/phone/Baofen S1/detail/11.jpg","imgs/phone/Baofen S1/detail/12.jpg","imgs/phone/Baofen S1/detail/13.jpg","imgs/phone/Baofen S1/detail/14.jpg","imgs/phone/Baofen S1/detail/15.jpg","imgs/phone/Baofen S1/detail/2.jpg","imgs/phone/Baofen S1/detail/3.jpg","imgs/phone/Baofen S1/detail/4.jpg","imgs/phone/Baofen S1/detail/5.jpg","imgs/phone/Baofen S1/detail/6.jpg","imgs/phone/Baofen S1/detail/7.jpg","imgs/phone/Baofen S1/detail/8.jpg","imgs/phone/Baofen S1/detail/9.jpg"]'),
(39, 'N7200', '["imgs/phone/N7200/detail/1.jpg"]'),
(40, 'mobile power', '["imgs/phone/mobile power/detail/1.jpg","imgs/phone/mobile power/detail/2.jpg","imgs/phone/mobile power/detail/3.jpg","imgs/phone/mobile power/detail/4.jpg"]');

-- --------------------------------------------------------

--
-- 表的结构 `mz_phone_pic`
--

CREATE TABLE `mz_phone_pic` (
  `pid` int(11) NOT NULL,
  `phone_id` int(11) NOT NULL,
  `fid` int(11) NOT NULL,
  `color` varchar(16) NOT NULL DEFAULT '',
  `img1` varchar(255) NOT NULL DEFAULT '',
  `img2` varchar(255) NOT NULL DEFAULT '',
  `img3` varchar(255) NOT NULL DEFAULT '',
  `img4` varchar(255) NOT NULL DEFAULT ''
) ENGINE=InnoDB DEFAULT CHARSET=utf8;

--
-- 转存表中的数据 `mz_phone_pic`
--

INSERT INTO `mz_phone_pic` (`pid`, `phone_id`, `fid`, `color`, `img1`, `img2`, `img3`, `img4`) VALUES
(1, 1, 1, '香槟金', 'imgs/phone/pro7/lg/Champagne Gold/1.jpg', 'imgs/phone/pro7/lg/Champagne Gold/2.jpg', 'imgs/phone/pro7/lg/Champagne Gold/3.jpg', 'imgs/phone/pro7/lg/Champagne Gold/4.jpg'),
(2, 2, 1, '静谧黑', 'imgs/phone/pro7/lg/Quiet black/1.jpg', 'imgs/phone/pro7/lg/Quiet black/2.jpg', 'imgs/phone/pro7/lg/Quiet black/3.jpg', 'imgs/phone/pro7/lg/Quiet black/4.jpg'),
(3, 3, 1, '提香红', 'imgs/phone/pro7/lg/Rosso Tiziano/1.jpg', 'imgs/phone/pro7/lg/Rosso Tiziano/2.jpg', 'imgs/phone/pro7/lg/Rosso Tiziano/3.jpg', 'imgs/phone/pro7/lg/Rosso Tiziano/4.jpg'),
(4, 4, 1, '曜影黑', 'imgs/phone/pro7/lg/Telecom shadow black/1.jpg', 'imgs/phone/pro7/lg/Telecom shadow black/2.jpg', 'imgs/phone/pro7/lg/Telecom shadow black/3.jpg', 'imgs/phone/pro7/lg/Telecom shadow black/4.jpg'),
(5, 5, 2, '月光银', 'imgs/phone/pro7plus/lg/Moonlight/1.jpg', 'imgs/phone/pro7plus/lg/Moonlight/2.jpg', 'imgs/phone/pro7plus/lg/Moonlight/3.jpg', 'imgs/phone/pro7plus/lg/Moonlight/4.jpg'),
(6, 6, 2, '静谧黑', 'imgs/phone/pro7plus/lg/Quiet black/1.jpg', 'imgs/phone/pro7plus/lg/Quiet black/2.jpg', 'imgs/phone/pro7plus/lg/Quiet black/3.jpg', 'imgs/phone/pro7plus/lg/Quiet black/4.jpg'),
(7, 7, 2, '倚霞金', 'imgs/phone/pro7plus/lg/Sunset gold/1.jpg', 'imgs/phone/pro7plus/lg/Sunset gold/2.jpg', 'imgs/phone/pro7plus/lg/Sunset gold/3.jpg', 'imgs/phone/pro7plus/lg/Sunset gold/4.jpg'),
(8, 8, 2, '曜影黑', 'imgs/phone/pro7plus/lg/Telecom shadow black/1.jpg', 'imgs/phone/pro7plus/lg/Telecom shadow black/2.jpg', 'imgs/phone/pro7plus/lg/Telecom shadow black/3.jpg', 'imgs/phone/pro7plus/lg/Telecom shadow black/4.jpg'),
(9, 9, 3, '香槟金', 'imgs/phone/pro6plus/lg/Champagne Gold/1.jpg', 'imgs/phone/pro6plus/lg/Champagne Gold/2.jpg', 'imgs/phone/pro6plus/lg/Champagne Gold/3.jpg', ''),
(10, 10, 3, '深空灰', 'imgs/phone/pro6plus/lg/Deep Space grey/1.jpg', 'imgs/phone/pro6plus/lg/Deep Space grey/2.jpg', 'imgs/phone/pro6plus/lg/Deep Space grey/3.jpg', ''),
(11, 11, 3, '月光银', 'imgs/phone/pro6plus/lg/Moonlight/1.jpg', 'imgs/phone/pro6plus/lg/Moonlight/2.jpg', 'imgs/phone/pro6plus/lg/Moonlight/3.jpg', ''),
(12, 12, 4, '香槟金', 'imgs/phone/pro6s/lg/Champagne Gold/1.jpg', 'imgs/phone/pro6s/lg/Champagne Gold/2.jpg', 'imgs/phone/pro6s/lg/Champagne Gold/3.jpg', 'imgs/phone/pro6s/lg/Champagne Gold/4.jpg'),
(13, 13, 4, '星空黑', 'imgs/phone/pro6s/lg/Nightfall Black/1.jpg', 'imgs/phone/pro6s/lg/Nightfall Black/2.jpg', 'imgs/phone/pro6s/lg/Nightfall Black/3.jpg', 'imgs/phone/pro6s/lg/Nightfall Black/4.jpg'),
(14, 14, 5, '香槟金', 'imgs/phone/mlnote5/lg/Champagne Gold/1.jpg', 'imgs/phone/mlnote5/lg/Champagne Gold/2.jpg', 'imgs/phone/mlnote5/lg/Champagne Gold/3.jpg', 'imgs/phone/mlnote5/lg/Champagne Gold/4.jpg'),
(15, 15, 5, '月光银', 'imgs/phone/mlnote5/lg/Moonlight/1.jpg', 'imgs/phone/mlnote5/lg/Moonlight/2.jpg', 'imgs/phone/mlnote5/lg/Moonlight/3.jpg', 'imgs/phone/mlnote5/lg/Moonlight/4.jpg'),
(16, 16, 6, '香槟金', 'imgs/phone/mls6/lg/Champagne Gold/1.jpg', 'imgs/phone/mls6/lg/Champagne Gold/2.jpg', 'imgs/phone/mls6/lg/Champagne Gold/3.jpg', 'imgs/phone/mls6/lg/Champagne Gold/4.jpg'),
(17, 17, 6, '磨砂黑', 'imgs/phone/mls6/lg/Matte Black/1.jpg', 'imgs/phone/mls6/lg/Matte Black/2.jpg', 'imgs/phone/mls6/lg/Matte Black/3.jpg', 'imgs/phone/mls6/lg/Matte Black/4.jpg'),
(18, 18, 6, '月光银', 'imgs/phone/mls6/lg/Moonlight/1.jpg', 'imgs/phone/mls6/lg/Moonlight/2.jpg', 'imgs/phone/mls6/lg/Moonlight/3.jpg', 'imgs/phone/mls6/lg/Moonlight/4.jpg'),
(19, 19, 7, '电光蓝', 'imgs/phone/ml6/lg/electric blue/1.jpg', 'imgs/phone/ml6/lg/electric blue/2.jpg', 'imgs/phone/ml6/lg/electric blue/3.jpg', 'imgs/phone/ml6/lg/electric blue/4.jpg'),
(20, 20, 7, '香槟金', 'imgs/phone/ml6/lg/Champagne Gold/1.jpg', 'imgs/phone/ml6/lg/Champagne Gold/2.jpg', 'imgs/phone/ml6/lg/Champagne Gold/3.jpg', 'imgs/phone/ml6/lg/Champagne Gold/4.jpg'),
(21, 21, 7, '磨砂黑', 'imgs/phone/ml6/lg/Matte Black/1.jpg', 'imgs/phone/ml6/lg/Matte Black/2.jpg', 'imgs/phone/ml6/lg/Matte Black/3.jpg', 'imgs/phone/ml6/lg/Matte Black/4.jpg'),
(22, 22, 7, '月光银', 'imgs/phone/ml6/lg/Moonlight/1.jpg', 'imgs/phone/ml6/lg/Moonlight/2.jpg', 'imgs/phone/ml6/lg/Moonlight/3.jpg', 'imgs/phone/ml6/lg/Moonlight/4.jpg'),
(23, 23, 8, '香槟金', 'imgs/phone/mlnote6/lg/Champagne Gold/1.jpg', 'imgs/phone/mlnote6/lg/Champagne Gold/2.jpg', 'imgs/phone/mlnote6/lg/Champagne Gold/3.jpg', 'imgs/phone/mlnote6/lg/Champagne Gold/4.jpg'),
(24, 24, 8, '曜石黑', 'imgs/phone/mlnote6/lg/Obsidian black/1.jpg', 'imgs/phone/mlnote6/lg/Obsidian black/2.jpg', 'imgs/phone/mlnote6/lg/Obsidian black/3.jpg', 'imgs/phone/mlnote6/lg/Obsidian black/4.jpg'),
(25, 25, 8, '皓月银', 'imgs/phone/mlnote6/lg/ifi/1.jpg', 'imgs/phone/mlnote6/lg/ifi/2.jpg', 'imgs/phone/mlnote6/lg/ifi/3.jpg', 'imgs/phone/mlnote6/lg/ifi/4.jpg'),
(26, 26, 8, '孔雀青', 'imgs/phone/mlnote6/lg/Peacock Green/1.jpg', 'imgs/phone/mlnote6/lg/Peacock Green/2.jpg', 'imgs/phone/mlnote6/lg/Peacock Green/3.jpg', 'imgs/phone/mlnote6/lg/Peacock Green/4.jpg'),
(27, 27, 9, '香槟金', 'imgs/phone/mle2/lg/Champagne Gold/1.jpg', 'imgs/phone/mle2/lg/Champagne Gold/2.jpg', 'imgs/phone/mle2/lg/Champagne Gold/3.jpg', 'imgs/phone/mle2/lg/Champagne Gold/4.jpg'),
(28, 28, 9, '月光银', 'imgs/phone/mle2/lg/Moonlight/1.jpg', 'imgs/phone/mle2/lg/Moonlight/2.jpg', 'imgs/phone/mle2/lg/Moonlight/3.jpg', 'imgs/phone/mle2/lg/Moonlight/4.jpg'),
(29, 29, 9, '曜石黑', 'imgs/phone/mle2/lg/Obsidian black/1.jpg', 'imgs/phone/mle2/lg/Obsidian black/2.jpg', 'imgs/phone/mle2/lg/Obsidian black/3.jpg', 'imgs/phone/mle2/lg/Obsidian black/4.jpg'),
(30, 30, 10, '流光金', 'imgs/phone/mlx/lg/Gold streamer/1.jpg', 'imgs/phone/mlx/lg/Gold streamer/2.jpg', 'imgs/phone/mlx/lg/Gold streamer/3.jpg', ''),
(31, 31, 10, '珠光白', 'imgs/phone/mlx/lg/Pearl White/1.jpg', 'imgs/phone/mlx/lg/Pearl White/2.jpg', 'imgs/phone/mlx/lg/Pearl White/3.jpg', ''),
(32, 32, 11, '香槟金', 'imgs/phone/mla5/lg/Champagne Gold/1.png', 'imgs/phone/mla5/lg/Champagne Gold/2.png', 'imgs/phone/mla5/lg/Champagne Gold/3.png', 'imgs/phone/mla5/lg/Champagne Gold/4.png'),
(33, 33, 11, '磨砂黑', 'imgs/phone/mla5/lg/Matte Black/1.png', 'imgs/phone/mla5/lg/Matte Black/2.png', 'imgs/phone/mla5/lg/Matte Black/3.png', 'imgs/phone/mla5/lg/Matte Black/4.png'),
(34, 34, 11, '皓月银', 'imgs/phone/mla5/lg/ifi/1.png', 'imgs/phone/mla5/lg/ifi/2.png', 'imgs/phone/mla5/lg/ifi/3.png', 'imgs/phone/mla5/lg/ifi/4.png'),
(35, 35, 12, '月光银', 'imgs/phone/mle/lg/Moonlight/1.png', 'imgs/phone/mle/lg/Moonlight/2.png', 'imgs/phone/mle/lg/Moonlight/3.png', ''),
(36, 36, 13, '黑色', 'imgs/phone/meizubrand/lg/Black/1.png', 'imgs/phone/meizubrand/lg/Black/2.png', 'imgs/phone/meizubrand/lg/Black/3.png', 'imgs/phone/meizubrand/lg/Black/4.png'),
(37, 37, 14, '玫瑰粉', 'imgs/phone/mambo2/lg/Rose Pink/1.png', 'imgs/phone/mambo2/lg/Rose Pink/2.png', 'imgs/phone/mambo2/lg/Rose Pink/3.png', 'imgs/phone/mambo2/lg/Rose Pink/4.png'),
(38, 38, 14, '深海蓝', 'imgs/phone/mambo2/lg/Deep Blue/1.png', 'imgs/phone/mambo2/lg/Deep Blue/2.png', 'imgs/phone/mambo2/lg/Deep Blue/3.png', 'imgs/phone/mambo2/lg/Deep Blue/4.png'),
(39, 39, 14, '象牙白', 'imgs/phone/mambo2/lg/Ivory White/1.png', 'imgs/phone/mambo2/lg/Ivory White/2.png', 'imgs/phone/mambo2/lg/Ivory White/3.png', 'imgs/phone/mambo2/lg/Ivory White/4.png'),
(40, 40, 15, '黑色', 'imgs/phone/mambo_damai/lg/Black/1.png', 'imgs/phone/mambo_damai/lg/Black/2.png', 'imgs/phone/mambo_damai/lg/Black/3.png', 'imgs/phone/mambo_damai/lg/Black/4.png'),
(41, 41, 16, '燃烧红', 'imgs/phone/mambo_ziva plus/lg/Burn Red/1.png', 'imgs/phone/mambo_ziva plus/lg/Burn Red/2.png', 'imgs/phone/mambo_ziva plus/lg/Burn Red/3.png', 'imgs/phone/mambo_ziva plus/lg/Burn Red/4.png'),
(42, 42, 16, '信念蓝', 'imgs/phone/mambo_ziva plus/lg/Belief Blue/1.png', 'imgs/phone/mambo_ziva plus/lg/Belief Blue/2.png', 'imgs/phone/mambo_ziva plus/lg/Belief Blue/3.png', 'imgs/phone/mambo_ziva plus/lg/Belief Blue/4.png'),
(43, 43, 17, '银色', 'imgs/phone/live_earphone/lg/silvery/1.png', 'imgs/phone/live_earphone/lg/silvery/2.png', 'imgs/phone/live_earphone/lg/silvery/3.png', 'imgs/phone/live_earphone/lg/silvery/4.png'),
(44, 44, 18, '极光灰', 'imgs/phone/flow_bass/lg/Aurora gray/1.png', 'imgs/phone/flow_bass/lg/Aurora gray/2.png', 'imgs/phone/flow_bass/lg/Aurora gray/3.png', 'imgs/phone/flow_bass/lg/Aurora gray/4.png'),
(45, 45, 19, '月光银', 'imgs/phone/flow/lg/Moonlight/1.png', 'imgs/phone/flow/lg/Moonlight/2.png', 'imgs/phone/flow/lg/Moonlight/3.png', 'imgs/phone/flow/lg/Moonlight/4.png'),
(50, 46, 20, '原力灰', 'imgs/phone/EP52/lg/origingray/1.png', 'imgs/phone/EP52/lg/origingray/2.png', 'imgs/phone/EP52/lg/origingray/3.png', 'imgs/phone/EP52/lg/origingray/4.png'),
(51, 47, 21, '珍珠黑', 'imgs/phone/EP2X/lg/Peal blackberry/1.png', 'imgs/phone/EP2X/lg/Peal blackberry/2.png', 'imgs/phone/EP2X/lg/Peal blackberry/3.png', 'imgs/phone/EP2X/lg/Peal blackberry/4.png'),
(52, 48, 21, '皓月白', 'imgs/phone/EP2X/lg/YH/1.png', 'imgs/phone/EP2X/lg/YH/2.png', 'imgs/phone/EP2X/lg/YH/3.png', 'imgs/phone/EP2X/lg/YH/4.png'),
(53, 49, 22, '白色', 'imgs/phone/JBL T120A/lg/white/1.png', 'imgs/phone/JBL T120A/lg/white/2.png', 'imgs/phone/JBL T120A/lg/white/3.png', 'imgs/phone/JBL T120A/lg/white/4.png'),
(54, 50, 22, '黑色', 'imgs/phone/JBL T120A/lg/black/1.png', 'imgs/phone/JBL T120A/lg/black/2.png', 'imgs/phone/JBL T120A/lg/black/3.png', 'imgs/phone/JBL T120A/lg/black/4.png'),
(55, 51, 22, '红色', 'imgs/phone/JBL T120A/lg/red/1.png', 'imgs/phone/JBL T120A/lg/red/2.png', 'imgs/phone/JBL T120A/lg/red/3.png', 'imgs/phone/JBL T120A/lg/red/4.png'),
(56, 52, 23, '纯黑色', 'imgs/phone/Beats Pro/lg/black/1.png', 'imgs/phone/Beats Pro/lg/black/2.png', 'imgs/phone/Beats Pro/lg/black/3.png', 'imgs/phone/Beats Pro/lg/black/4.png'),
(57, 53, 24, '金色', 'imgs/phone/Beats Solo3.0 Wireless/lg/golden/1.png', 'imgs/phone/Beats Solo3.0 Wireless/lg/golden/2.png', 'imgs/phone/Beats Solo3.0 Wireless/lg/golden/3.png', 'imgs/phone/Beats Solo3.0 Wireless/lg/golden/4.png'),
(58, 54, 24, '玫瑰金', 'imgs/phone/Beats Solo3.0 Wireless/lg/rose gold/1.png', 'imgs/phone/Beats Solo3.0 Wireless/lg/rose gold/2.png', 'imgs/phone/Beats Solo3.0 Wireless/lg/rose gold/3.png', 'imgs/phone/Beats Solo3.0 Wireless/lg/rose gold/4.png'),
(59, 55, 24, '紫色', 'imgs/phone/Beats Solo3.0 Wireless/lg/purple/1.png', 'imgs/phone/Beats Solo3.0 Wireless/lg/purple/2.png', 'imgs/phone/Beats Solo3.0 Wireless/lg/purple/3.png', 'imgs/phone/Beats Solo3.0 Wireless/lg/purple/4.png'),
(60, 56, 25, '钻石黑', 'imgs/phone/V26/lg/zhuanshihei/1.png', 'imgs/phone/V26/lg/zhuanshihei/2.png', 'imgs/phone/V26/lg/zhuanshihei/3.png', 'imgs/phone/V26/lg/zhuanshihei/4.png'),
(61, 57, 25, '烈焰黑', 'imgs/phone/V26/lg/lieyanhei/1.png', 'imgs/phone/V26/lg/lieyanhei/2.png', 'imgs/phone/V26/lg/lieyanhei/3.png', 'imgs/phone/V26/lg/lieyanhei/4.png'),
(62, 58, 26, '星辰黑', 'imgs/phone/AJ110/lg/xinchenhei/1.png', 'imgs/phone/AJ110/lg/xinchenhei/2.png', 'imgs/phone/AJ110/lg/xinchenhei/3.png', 'imgs/phone/AJ110/lg/xinchenhei/4.png'),
(63, 59, 26, '月光白', 'imgs/phone/AJ110/lg/yueguanbai/1.png', 'imgs/phone/AJ110/lg/yueguanbai/2.png', 'imgs/phone/AJ110/lg/yueguanbai/3.png', 'imgs/phone/AJ110/lg/yueguanbai/4.png'),
(64, 60, 27, '银黑', 'imgs/phone/HD50/lg/yinhei/1.png', 'imgs/phone/HD50/lg/yinhei/2.png', 'imgs/phone/HD50/lg/yinhei/3.png', ''),
(65, 61, 27, '银白', 'imgs/phone/HD50/lg/yinbai/1.png', 'imgs/phone/HD50/lg/yinbai/2.png', 'imgs/phone/HD50/lg/yinbai/3.png', ''),
(66, 62, 27, '红色', 'imgs/phone/HD50/lg/red/1.png', 'imgs/phone/HD50/lg/red/2.png', 'imgs/phone/HD50/lg/red/3.png', 'imgs/phone/HD50/lg/red/4.png'),
(67, 63, 28, '珍珠黑', 'imgs/phone/EP2X/lg/zhenzhuhei/1.png', 'imgs/phone/EP2X/lg/zhenzhuhei/2.png', 'imgs/phone/EP2X/lg/zhenzhuhei/3.png', 'imgs/phone/EP2X/lg/zhenzhuhei/4.png'),
(68, 64, 28, '皓月白', 'imgs/phone/EP2X/lg/haoyuebai/1.png', 'imgs/phone/EP2X/lg/haoyuebai/2.png', 'imgs/phone/EP2X/lg/haoyuebai/3.png', 'imgs/phone/EP2X/lg/haoyuebai/4.png'),
(69, 65, 29, '白色', 'imgs/phone/tizhichen/lg/white/1.png', 'imgs/phone/tizhichen/lg/white/2.png', 'imgs/phone/tizhichen/lg/white/3.png', 'imgs/phone/tizhichen/lg/white/4.png'),
(70, 66, 30, '黑色', 'imgs/phone/beibao/lg/black/1.png', 'imgs/phone/beibao/lg/black/2.png', 'imgs/phone/beibao/lg/black/3.png', ''),
(71, 67, 30, '灰色', 'imgs/phone/beibao/lg/gray/1.png', 'imgs/phone/beibao/lg/gray/2.png', 'imgs/phone/beibao/lg/gray/3.png', 'imgs/phone/beibao/lg/gray/4.png'),
(72, 68, 31, '黑色', 'imgs/phone/Gamesir/lg/black/1.png', 'imgs/phone/Gamesir/lg/black/2.png', 'imgs/phone/Gamesir/lg/black/3.png', 'imgs/phone/Gamesir/lg/black/4.png'),
(73, 69, 32, '黑色', 'imgs/phone/Gamesir G4/lg/black/1.png', 'imgs/phone/Gamesir G4/lg/black/2.png', 'imgs/phone/Gamesir G4/lg/black/3.png', 'imgs/phone/Gamesir G4/lg/black/4.png'),
(74, 70, 33, '黑色', 'imgs/phone/X9E/lg/black/1.png', 'imgs/phone/X9E/lg/black/2.png', 'imgs/phone/X9E/lg/black/3.png', 'imgs/phone/X9E/lg/black/4.png'),
(75, 71, 34, '黑色', 'imgs/phone/QH6/lg/black/1.png', 'imgs/phone/QH6/lg/black/2.png', 'imgs/phone/QH6/lg/black/3.png', 'imgs/phone/QH6/lg/black/4.png'),
(76, 72, 35, '黑色', 'imgs/phone/MZbox/lg/black/1.png', 'imgs/phone/MZbox/lg/black/2.png', 'imgs/phone/MZbox/lg/black/3.png', 'imgs/phone/MZbox/lg/black/4.png'),
(77, 73, 35, '白色', 'imgs/phone/MZbox/lg/white/1.png', 'imgs/phone/MZbox/lg/white/2.png', 'imgs/phone/MZbox/lg/white/3.png', 'imgs/phone/MZbox/lg/white/4.png'),
(78, 74, 36, '橙色', 'imgs/phone/sansung card/lg/orange/1.png', 'imgs/phone/sansung card/lg/orange/2.png', 'imgs/phone/sansung card/lg/orange/3.png', 'imgs/phone/sansung card/lg/orange/4.png'),
(79, 75, 37, '白色', 'imgs/phone/Leipa 9060/lg/white/1.png', 'imgs/phone/Leipa 9060/lg/white/2.png', 'imgs/phone/Leipa 9060/lg/white/3.png', 'imgs/phone/Leipa 9060/lg/white/4.png'),
(80, 76, 37, '黑色', 'imgs/phone/Leipa 9060/lg/black/1.png', 'imgs/phone/Leipa 9060/lg/black/2.png', 'imgs/phone/Leipa 9060/lg/black/3.png', 'imgs/phone/Leipa 9060/lg/black/4.png'),
(81, 77, 38, '白色', 'imgs/phone/Baofen S1/lg/white/1.png', 'imgs/phone/Baofen S1/lg/white/2.png', 'imgs/phone/Baofen S1/lg/white/3.png', 'imgs/phone/Baofen S1/lg/white/4.png'),
(82, 78, 39, '黑色', 'imgs/phone/N7200/lg/black/1.png', 'imgs/phone/N7200/lg/black/2.png', 'imgs/phone/N7200/lg/black/3.png', 'imgs/phone/N7200/lg/black/4.png'),
(83, 79, 39, '白色', 'imgs/phone/N7200/lg/white/1.png', 'imgs/phone/N7200/lg/white/2.png', 'imgs/phone/N7200/lg/white/3.png', 'imgs/phone/N7200/lg/white/4.png'),
(84, 80, 40, '黄色', 'imgs/phone/mobile power/lg/yellow/1.png', 'imgs/phone/mobile power/lg/yellow/2.png', 'imgs/phone/mobile power/lg/yellow/3.png', '');

-- --------------------------------------------------------

--
-- 表的结构 `mz_user`
--

CREATE TABLE `mz_user` (
  `uid` int(11) NOT NULL,
  `uname` varchar(32) NOT NULL DEFAULT '',
  `upwd` varchar(255) NOT NULL DEFAULT '',
  `tel` varchar(11) NOT NULL DEFAULT '',
  `avatar` longtext NOT NULL,
  `mtime` datetime NOT NULL DEFAULT '0000-00-00 00:00:00',
  `ip` varchar(32) NOT NULL DEFAULT ''
) ENGINE=InnoDB DEFAULT CHARSET=utf8;

--
-- 转存表中的数据 `mz_user`
--

INSERT INTO `mz_user` (`uid`, `uname`, `upwd`, `tel`, `avatar`, `mtime`, `ip`) VALUES
(1, 'dingding', '1db699d14fa62d9c8e3e0e98929c46e3', '13898979878', 'data:image/jpeg;base64,/9j/4AAQSkZJRgABAQAAAQABAAD/2wBDAAEBAQEBAQEBAQEBAQEBAQEBAQEBAQEBAQEBAQEBAQEBAQEBAQEBAQEBAQEBAQEBAQEBAQEBAQEBAQEBAQEBAQH/2wBDAQEBAQEBAQEBAQEBAQEBAQEBAQEBAQEBAQEBAQEBAQEBAQEBAQEBAQEBAQEBAQEBAQEBAQEBAQEBAQEBAQEBAQH/wAARCAEsASwDAREAAhEBAxEB/8QAHwAAAAYDAQEBAAAAAAAAAAAAAgMEBQYIAAcJAQoL/8QAUhAAAQMCBAIFCQQGBwYFAgcAAQIDBAURAAYSIQcxCBNBUYEUIjJhcZGhscEJFdHwIzNCcrLhFiQ2UoKzwjQ1YnSi8QolQ3N1JpIXJ1Njg5PS/8QAHgEAAQQDAQEBAAAAAAAAAAAAAAMEBQYBAgcICQr/xABQEQABAwIEAgcEBwUFBgMIAwEBAgMRAAQFEiExBkEHEzJRcYGxImGRwQgUM3Kh0fAjNEKCshU1UmLhCSR0ksLxQ0TSFiVTVGVzdbMXZKKD/9oADAMBAAIRAxEAPwDtXRChOZKskJAJqEncADYqFx7yT6ySeePzMXyZ4hv0jQFS0wNtVaaD9bV7pQB9WaMCZRrz2B3331q1GUgP0ewsQiwsOWnlbl2Yn7C0WVIBmCoAgzH4wIEnz2jSdVElJ1J07zVgaGEhKbp2ASOzla1h3fnwuNnZ7aT7jBmPPuiDUFe7nLoQN9o1UfSKn8VKQOST5o5AYs9rZQkaDbkBPlp3ac9jPIVV7hRnQnfmT76WFKT2DxAw9FmP8HL+IJI/p3puCZ1UY8TQVAWNgOzsFx7u/b3+GIy4shJhIA/wgADbQ9w8deZnvUB1idY17j7x8/8ASaTLAtyHPuHrxDi36t1RIkZTvyJI5d++uvzKqNz4flTc+2UhSjaxVtbmLm47O7Ee+SDoSNeRI5nupw2SCYMafMUksPyOeGD7ykJBKiZVGpkbHvNOkg7kzI01PpRawLXsOfdv24a/W9dSPwHd40ugmdzt+VFWHcPcMJO3SSE5hOp7j6UoQDuAfGiDfst4m30OGjlw3pCRz/hnu8KykDXQ/wAoH40Q42SAUhKbXvbt5dyfVhP60E7aDnAI+cfGKUScuwWJj9aeNJsH1tKv+0+ijThEkGSTrz8q8KRY2A5d2NVuBwgjYabRW9EkEGxw3Xv5fnRQbA8wD4Y0rMkbEjzrLDuHuGCiT3n4mssO4e4YKJPefiayw7h7hgok95+JrLDuHuGCiT3n4mssO4e4YKJPefia9wVivLDuHuGCsye8/E1lh3D3DBRJ7z8TXuCsV5Ydw92Csye8/GvcFawO4fAVmCiB3D4CjEq7Dckn8MFB2PgaOSopIO9gQSL87HDhIAUkgAGRqB76QOu+vjrSxtYUbi9gRse/mbbnnt7sTVsTkmTM7zrokHf40mUgJVIG+ngSNKWIWmwJFue5A/Pqw5SpRIBUSO4kx699N1ImSAI7v9PxoYcsNiSLm1jtzPrxKsJSWwSlJPvANadXpMJ2mI19KNQ5bzrqsdh33Jt34cyQMoJCe6dPhtSLwGQkAaR8Jj8qWn9SD2k7nt9I9uE3OwrwppUbrDeqOvcj0gCNiLJVtt2fXFevCdYMQSDB3kE1MWJlIHcmT7ySNfHcVXmuIT94OjSDZKRuATsVYrrgHWK0G/dVjaA6tGg7I5VUGiSh/SaroKgbT3ze3Oyxce02w0eM8Q386+05vvOaZHuG3jThI/3VnwT+AVVr8nvJUGrD9lI59oSL/PFksTqmSdF/h7qRc7CvCt+0R66kDTtoHbzunbs7MdAwsewmdTMa67H3+I+FVy6Ptxr2lz8RHwitjxT+jv8A8A+JxbbcDINBsOQ99V94SsD3+mY0fc9595wvA7h8BWkDuHwFerXsTbstz9Y9XZv78RNyPa2HL0+fOsBMAe6fxn8/wohStQta29+f8sQawM6+eh3Gx02pVG58PmKbXVEKVzPnkWv6ziFfAzHQdmducHWnTQzKImPZJ/EUlWrYWFvOvt2jfblyxFgAuOggEZTEgGNU6/DTzp2hBJ7WkbR3QO+k6lW3ttfYX5XucRjwGc6DYchS4AA/WtFlZNrXHjhm+AAmABqeVZolbgRa4Jvfl6rfjhm5y8/lWyQTMGPMj08KKL4II0ncHtGE63CVSJVz7zSfGIA2AFOEbHx+QrMbSRsSPOt6ApN978h8rnGJJ3M0UVgorMFFZgorMFFZgorMFFZt2mw78FFeKUEi5O17A9/vwUUDrUd/xH44KKzrUd/xH44Kz9XPv/H/ANNFKlITzF/YR9bYKXFuo7EfrzorylHer3j/AP1grb6sr9EflQkykjYg3J2uRbstz9eMjcR3isfVydQdBvO/vjyozylQ3KUgDcmw2t28sOUdpP3h6isKZABOY6AnYchQkytSSoKG1+wdgv3/AEw+SBI0G45DvpvRyZOkDzgQd9rAjs79jt2Ydt6LSBoJiPd3VqpIgmNhp60MSySBrsDfmb95774ftgZ06DfuFIQN4E98UcmUQANadu21u0/jiQQYIHLu5bf6VhYEEwJ0157ilsaVqukqCt7Aevnt3d/bhRXZP6503UkK8e/8++ndtZUm29hbt233+GGjxOQmTMio14Q4odxHoKZqsoJYeKjYWV8r/jiLu/sj4/I1KWY105JH6/Gq41t0movWWnYJHLvue0jsIv68Vtztq8asrfYT4VTCg6/6R1MFQsqovg+bbnqV3/8ADbxvhksf+9cUP/1Aj4Ofr4Usj91Z8E+iv9KttlAWQ36/oQn/AE38bYs2H9tv/wC4n1pFzsK8KsHQk6kpTe10p38b+rF+sB7SIH8XzFVu438/mqtmRE6UJ3vqSPVaw8b8sXG12T4fI1BPGXB4x8AoUsw7X2T5eopOk7ytFza+4Fr25j2HEO79ofun+k1uge14Cfl86b3F7lVuZ5X+tvViBvOf8tOmhmURMeyT+IpK4bi/eq/zxEv9gfeHoafNiDHcmPSkxXYkW5G3P+WGDuiCY2B9DpStJ3HNG9r3J7bW7e44gXu2fAVslOadYikzjmu21rX7b87eod2Gb+yfE+lOGk5c2szH4TSfrPV8f5YZOcvP5UtWdZ6vj/LCdFF+3Ydp7sFFZt2G478FFBUrSbWvtfn/ACwUUEuKsQNgfH47YKKTrKr8zy7Ljv8AWcJrJB0JGnf7zSyOyJ9/qfGgXPefecaSe8/E0sEAgHXX3j8qy57z7zgk95+JrOQd5/D8qy57z7zgk95+JoyDvP4flSVbqwtQCjYHvP44JPefiaWS2jKJSD7/ADoPXOf3j71fjgk95+Jrbq0f4RRapBOxcGx7bncXHInBJO5J86yEIGyRRfXL7CCOw254xWYHcPgKL8qX3D8+GMye8/E1mi3JSja1jz7vV3Xxgknck+NLZE+8+J/KKTuTVot5oN79tuVvUe/BSNDEtSgFJsQfhhxRQhJWSBYbm352w6R20/eT6isK2PgfSjkyFjbbc93fYYmE9ofrlSFG9armQCRyP8sLp3HiPWtHOwrwo1ElwWSDbn+PLDpvtp8aYL7J8vUUch51SgnVa997X5AnvHdh+jtDz9DSNOsNR2SdzquVcuRvy377c+zGLn7I+KfWtV9k+XqKlDJskH88hiMX2T5eoqMf2PifL2k0y5gOqK4rl5pFv8CjfDK4+z8/kqn1kISPeifiU1WitPLTUX03NhoA3ttoT6sQLnbV41Y2vskfdFVDoRtmOpf/ACL/ANVf6LeN+zdksf8AvXFD/wDUSPg4fzpdH7qz4J9FVbfJ41tA3toQo997+dbstzt28r+rFmw/tt//AHE+tIudhXhVicvN6uqN7XQByvyT7RjpWFH2NufqSB8N6rdyYJPcSf6q2VGFm7dyEj44t1r2U+fpUE+R1g1/QBn4Udh0rsn9c6TpJJ5H2p+WIa57a/A/OlWe2PA01uAlCbDsH0xXLwGNjuOXh+R+FSCd1ePzNJFEptt9Oz+d8RTmg17/AJGnSTKR4R8NKKJuSe83xDq7bngflWaSOr1HTa2lRF73vbbuxEuH21D/ACT8Afzp02IUo94H4RSNStVtrWxFLBClTO5E98Gl4J2BNEudnj9MIucvP5UogETII2386LwnW9FKOoA2tuR8sJucvP5VsoZTEzpNBBsQe43wnWteqOo3tba2Ct0pzCZjWNv9aDgrPV+/8P8AWswVuBAA7qzBWazBRSV1XnKTbu38AcFKIT/F+hrROClKIVzPtPzwgrc+J9aKJUq+1uR+VxjFLp2HgPSiCsgkDYg2vf8AlgrNJC/ufNvuf2v5YXGw5aCiiHH3Da5B58x7MZoonrPV8f5YKb0c3I0JCNF97X1W5+rSfnhxRR4euQNPMgel3m3dh0jtJ+8PWsHY+BpUlVtrcz87DEwjtDz9DSFKEq0i1r735/ywunceI9a0c7CvCjEnVfa1gD38zbDpv7RPjTKjUqtYW7bXv3n2YkEg5hoefL3GtV9k+XqKfIAtoHcT88a3P2R8U+tN19k+XqKl7B/Vn+6b+3zT+OI6o186Ef5p+B/1pmrn+yvf4v4Dhtd/YnxHoae2YgkdzYHpVZ627oqL/m31aTztaw0dx/u38bdlzW3B7Z95n5fKrI32E+FVAy+nTmKpi97VORv33Uk4Yq/vTE+X+/8APl+0O9Lp/dmfL0VVvcl+gn91X+YcWfDtVII1AcTJ5bmkHOwrwqxuX0nS0o7WSBa3eDv+RjpeEaDXTXn4mKrV5ur73/Ua2JGTdkqvvYC3qG9/fti72vZnlrry3HOq059sjxPqaHhyrY+B9KVpG+LJI9YxDXPaV/N6ClWdF69xpse9E/vj+G3zxX3u1+u4U/QRIEiQkyOfapG96Xifp8sQD4JWYE6n5U7TsPCk7i9KSdjfzffv77DEMsELc0I0MEg0qEkrOh0JO2+vpTYpWq21rYhngS4Y10GwpwgEEyCNO73ikjqtQG1rH6YZ3AICZBGp38Kdsbq8B60Rhk5y8/lTmjEEC9yBy5+OEiQNyB41osExAJ3+VAKgo3Hs53/PPCazqB7p+P8A2rITAInefxEV5jSspGURM6zRS+Y9n1OCs0NHojx+ZwUUBfMez6nBRQ0eiPH5nBRRThsSQL8tvAYKykSQP1tSdRuSbW9XhgpYCBFFrIta+9+XgcYkd4rNJ3L2FjY35+Bwidz4n1pdOw8B6UlLhBsR2qBJNrkGw943xis0iecSo22FlHt/7YKKSudnj9MZg9x+BopIpaza6yOfO3qxiiius9Xx/lhwNxyoIkEd4ijULCQBsfEeoevC52Pgab0chQJHIecBa/sw+tCBuQJVpOk9mil7ThTZNgbqG/tsMSqNSCNQNyNeRpvtvS1Crbd55+GF07jxHrSa1JKFAKSTGwIJpShXJNu/f44eMGHUHx/pIpnRyRdQ9t/dviSkd4+NaKIynUfH307Qjdwn1j5DCNx9kfEetIKBKTAnw8amcT9Wn2q+uI+D3H4VG3PP9f4aaq5/sr3+L+A4a3f2J8R6GntnufuD1FVnryB94ubndKT2dqlHu9eK2521e4/6/OrI32E+FVCoQP8ASGp7HaoSL+rcc8MHf7yxb/jlf1qpZP7qz4J9FVbzJBuE+pJ+PnfNWLVhH2Y+836qpBxSQlQKgCRoJEnwG9WSoW4bt3D5HHRsJ1bEe71NVq72PiPU1sNkWaKReyUbd5ue337WGOg2IJtzAJ9nkO86fGq4uA8PeVH4BQryx7j7sKKSrKfZVseR/Kt5HePjSZ1IWSDe23L2eOIW5SrMrQ/xcj3Ct0drx/7/ACpqfBGtNjYK2NtzY+7livvJVm2PwPcKeMds/dPqKQu8/FXzGIRwEOLkEaHcHmURUinYeApC+oEhII2uT3g4h3pJUAJ0J+Gb86dM9/8AljyB09aQq5n2n54hFgh0yCPZG4il6Rr5D2/jhnd7I8VfKl2N1eA9aKJA5kD24jnOXn8qc0Wsg2sQef0w3c5efyor1sgg2IO/Z7BhOiCNxFDwUUU5z8PqcFFepUnSPOT29o7z68FEEbiKA4ocwQduwg9p7sFbJTJGhjvooLJIvYD8+vBWxQADEk/r3UMmwJFj8udsFahJJEggeFEk3JJsPzbGJHePjSoECKJXpG9xue8evCKjJPjW0HuPwNELII2IO/f7cYpYbDwFN0jl/j+isFZpvWVatNvN2INjz7r8sFFFOKss2VqBA5m/Lutb8gYWChA1Gw5/nRSVzs8fphGikRdcFrpAvyulQv7N8OKKOaUom6xpsR2EbeOHFN6WJUNSdx6Q7fXhynceI9awrY+B9KXIXvfa4INvZa1xe9r4mbb7P4/0CmytUqj/AAn0NLmVldibelbbw7ye/DhGqgBv/oaZ5VCSUqA8CI8aWo9IePyOHbaVZ0+yrfuP5Umvsny9RR6fSHt+e2HyQcw0PPl7jSNO8IWcIG+4+Qxuvsny9RWRv5K9DU1hghrcW3PP2nDR7sHxFRV32v5j6U0Vz/ZnB3lQ/wChWIu7+xPiPQ09s9z9wfKq013eoLPe2j5qxW3O2rxqxtatoPekVUSgAnMFV23VUZJHruUjbxFvbhg9pimKo/i+uKUBzKQs+1HdqNdqXSZtWfeAfwVVu8kIshJ3vZXP1HT3dyb+B7MWvCY6tP3m/wAP++tMH0qLgISSADJgwNOZ2qylASLJO/m8viN/fjo+DdlPl6moK72PiPU1sBn0T60pt69xjo1h9ifL1TVae+1T/N86GobEb8vHvw6UJSY/WtYSYI8aRKCrkkEd+xHzxA3QIJJBGitxG8kU5R2h+uRptkel7ST7tsV+40cP63CTTxjtn7p9RTYvkD6/z8sQVz23PEfKpJHZ/lH4kGmxwjWok2NyO7a/8hiCX21fdV6mnTXL7o+VJVEAm5A3PM4iXwSswJgn5UuATsKRuWABJtY9vL87Yi7n2suXUpmY5AxHppS7MgqBB1A5H3/nr3Unc7PH6YjlkEgA6iZ/XkacUXhBzl5/KsjcR30XcJsAQQTvve3LuwnSkFQkggiYHfoO+hlSQD2m21jt6uw/MYxIG5A861CCd9Neeh9KLKzY3ty/Pbgkd4+IrYIAIOunh+VAuDyN8ZkHYzW9ZgorxRsCfzzxiR3j40UX1iu/bu7Pz24JHePiKzB7j8K8K77bezt7+/CSjKjH60og9x+BohauY2sD8fzfGtLDYeAolawmxBTbtJI52HrHbfBWab3XSokHTbUSCO3nbe5BuMFFJFKJuNrA7YKKSnmR2DkfE/ywUUWsg2sQef0wUUQtCVWKiQE9twBvbncerDig6gjvoQIPIg+wg/LDim9DTfULC9iD7j8sOUAqIKQTqNgTzrB2PgaWtq31Gw7D3Ac7/HEzb+yiDoddD70gD8aQJgEnYamnOMbnT2elf1/hth019qj7wpJbiSlQCgSQRHjTg3us35Abevbf2+GJZHaHn6GmS+yfL1FKE+kPzy3wtSNO8FR63Vte4+QGNV9k+XqKyN/JXoamsQlTdz39nquPpho92D4ioq77X8x9Kaa0AWHL/wB5X8CvxxF3f2J8R6GntnufuD1FVorwtUXB3ISN+exUN8Vtztq8asbX2aPuiqjZf/tBP/8AkH/8zDF/++8UX/CFuIJ5ZySAnxkUun91Z8E+hq3mS/QT+5fxUCT/ABm3h42rBwS2nT+JMeZk/gBHzpu4tKUqSSAoiADuZ00+NWSoGyR67Eeu52x0nB0qCUmDy+Zqt3ex8fmfzFbCYA0BW9/hyt+d8dFsUq6oaHsn3fxJ76rLpl0eKo+E/OhL2Ub+r5DDxQyiVaDvJFYpK7vqt6vpiFvQVA5RO222yudOWgQUg+/50zyPSPqNvfvis3IVnJI0mPwAHpT1jtn7p9RTY5y8focQVwCXHIE6g/ACpJGojvSI+Ippf3Uo9yiPVblv7hiCWkguKIIShClKJ5DNE/E8qdtA/BI+VJFgEDfnftA2Pt8MRAcQ8VrbUFJSTKuyPLNEn3CTSzbicxGYTHoY07/Lx2pM6AU6TyPv/O+I1aF/tIbcIGXstrVp/Kk91Om4kn4Rt+tKTLUmwOpNhe51Db44hlLSkuKVmSlMBRWhaYkq/wASQT74mOdLBKjoEknuANEaze1he17b3sRcG1+Vt/Zvywit5s5CFEhclJCVEGI3ITA35xz7jSgQBqJMHlrqDB2HI6GgYwVJSUpKhmUJSgGVkbSECVkTptvpuK2BB215UWV77WP4/wDa2MKSpRkJO2xBBG+4MEeYrYpIBJEAb7V4Vmxvbl+e3CMgzHIwfH9GsJIUCU+0AYkaiRymvErsNrHf2/I4VQQAZIGvf4VmD3H4GvesPq/PjjeR3j4iiD3H4Ggly4tdPv8A54SV2j+uVEHuPwNEqcsSLp9/q9uNaVT2R5+potargm/duPaBgrakrrxCQAUkggEczyPMXvgopMp1SxYgW9QP4nBRSVRPo9gO3hcYFDIMyilIiZKk909/d+tKDoJMDzHpvXnYo9ySfHsHjjUrQACVJgiQZB08ppMOtkkBYkEgjmCN6TEgcza25vtYd++N1JUkAlJAIkaHashxB2P4H8NNfKk17qUBukWse+9778jyHLAlKl9hKlfdBV6TWStI3P4H8qKccFgkFJCj5xBuRblyNhzPPuxsl5pXZcQY07QGvdrWpdbA7YnkKGlCUA2JtzJJHZ4DDtKkuZghSVEAkgKTOgM6T6UmIOxBj3ij2yAeYuQbC43Sdr259+/LbEhaGASdgok//wCaNqUIIsQSO3t3tbn8/diTR7UFOonf8fTXwpqrVKo/wn0NO0cBICkm5sBzBHId3tw7a+1R94UzKFAElJAG8j9fGlyFHZW19/qMSyO0PP0NJr7J8vUUYHFA3sPj+OFqRp8p4u5b1/TGq+yfL1FZG/kr0NTeKAlFh6ufr3+uGj3YPiKirvtfzH0porX6hz94/wAJxF3f2J8R6GntnufuD1FVszAlRqbxCSRYcgT+0vuxW3O2rxqyN9hPhVRaCjTmCfpBIE54n1Xc/P1xHumcSxb33yv61UunS2ZHcB6Kq3WSxdCe/Qi3uF8W/B+yj7yPSo64+1T4fKrJ0BN0tpP9xPw3Hyx0/BwSlAA1MR79BUFenKmdNCrw7Sa2GwmzXsAPibX+Zx0SxENBJ7REAfzA+g9arCyOsSJ1Ob8NNPIe/nWOpulRF77beIGF321lsgJkyOY7/Gt0doefoaRL9E+HxIxDvpKUkKEEEaGnCO0PP8Jppf8ASV+99DitXCSrrIj2TmMkDQb7kSfcJJ5CnjOij90+oplfWtKtKQLAFR2vYAbknkAO0mw5b4rbjiC4tUqSlRyBS0LQgqIGmZaUpGxkkwOZp+y60pQSFSrQAQoe0I01A8O6dN6a5T7Edlb8t1uOyDZbr60stgkiydbhSnWskJaR6Tq7oaCliwxZcMY7xDfNWODYTfYpeKOdliybLiHVFWQJW8FC3CTnE53Uj4Vtc39lhyC5eXLTCUjdSs0iCdk5idE8tdu8SUzDqkxIVGp7rCAtxtTtZcTSkpWgPpKRCdWqvKUFtM+c1RX27PlV7NLTj0rwt9C/pW4jbZvMfcwbh1hxCVjDsUyG6YQo/as/UlPoLhToc6hoOZqi4h0o4RaymyyXZzFJKErA05ytKQJ2iZ5g05tZRqT6WHpU1tpsuPXiQqPJmOOtpKAyWqlMqNOCNabh1T9FbUpQ/QtJSm6+9YP9AnglhpC+IeL+KL99eUqt8Iu/qNtbEGVlK4BdC5CUgj2Akn+KqlddMWKSRZYe2jkVOBKgd4KRygySDvOlY9laEVOBufmArsElxpdDZQglIIUhL9Fk6FixO6lgKKk76QTfLD6EfQfYXDF1cN8V4ulmSu2vMdeTmJjsdUnKZj2sxEaEA61APdKXF7isyH2Gwf4csAAxpoPEmd/GkEPJrKGXAnMWZ5Sv0jiFVqLl2StlLyzp0MUalZeQ40gpUlIcImLQn9M68UBQxj30K+hnEyVYW1xPgKHUq6xu3xl64Rm0AK2HAG1kCYExqZO1LWvStxZbqUp1Vu+Dl0KZ0TPs6idSZA5azBpPLyhVIhSY9Uos1BSVETUzqEQQRqCVtJzBHcWlIcIQ45DbUtpDfXAO6k8X4j/2eOAOMuP8K8f4mxdZVFNpimCWiWHHNSjPd2j6bwR2StLiZ3KFEVY7bpnuXFoGJYUtRSYC7chKcuhOaVyTO0DTYcxUblIn00LNWp8uA004W3JpDE2lN3UsI6+qU16bBglZbWEt1J+FI2GqOhS0Bflbj36HHTVwZbvXicLb4ktW0qeRecPXyLppq3SVAt3LV4ba6buBkLhaSm5SELQeuJUUp6Pg3SRw/i6QhVwiwdKggW9wpWdfsg9YFBJgTKdVDVJ90F9e2pCXGyHGnUhSHUEKbUkqKQpKk3CkkggKBINjYmxx5jurW5sXVWt7a3VndMKLNwxc27zLqXUk5oQ4hKlo2HWICmyoFIWSkgdAtHGH281s628gyvM2tCpmNdD3R769CiBYWwioFJSCCcwBBSM4g7SUZgk94UQRzApXOkTJiFFOoPaESNtYkTFCKgU+vu37/wAMCklJgxMA6EHf3gkT7txzrb5ifI0WSBucYopI+spsU/td47tvpgopKX1Am6t+6xtgoopbvNXpEncDb5/98aLWhspzKSQs5QpB6xsLP/hLcbzNtvcupcUl2SBkk1qtaULbQqQp2MgCVKzTtqkED+YiiVvpbQpxxSENoSVOLWQEtgDV+kVezZ0+fZeklv8ASAaPOw5Ytrm6u2sPtba5u79+A1Y2tu9c3iydgm1YQ4/m/wAvV5gdCJoecbtwS+4hkAwVOrS2n/mUQD5HelLEGpSkqdYgPlgWWZkjRBhltYCkOtSqguFFktuBaerXGfeCwSprr9CkH0lwF9EXpu46bTdI4VwzhixcQlxu+x5YQ4tpwBbbr9qFquWXVIUlS2XWEONKzIWhKkkCg4v0kcHYUpxtl76/dNLU282z1kB1CilxIUpAQoBYUJQop0lMpin2LlSVIYLztWpcdspBsy1Oqj2tLSXFsloMUxsrBDmksynUr06kEt2UfUHDX+zyfAQvirpPVaFSEFaOFeH2HFNqIBUhLmMuXDawhRIC0toCoCghIIFUW96biiRaYQVpE5dUhWXZMkkSQInX4614/wAPJcttxDWbHIjjrCiHG8nf1uKpwqQlSW5eZ3WF2U2tbanoym5KVILICAs46lhH0Auh3DCVXfEPGuJKMkqV9WSVKJkkpSsITmOpCQEiYAjau3fTVxLciG7Vi3SBCQEpkjuMTqPHxPIYnhhVmXWivO8V5hRGvquHMwq0qSFIWpaOIK1Mp0LQslUci5Ui4Kd84v8AQD6G8VE2+PcZ4eodkpNsqCBoYdWQSDJEiJA5HTNp008TWp/a27FwOfsJOh7p/PQnxpI7w7riFqZi1TL9SfQpRDS3ZtIefas11TsaM4xVI5S4XFBwPVZAZ6oELcC1Kb5XxF/s8FlWbhbpPduMvtJHFXD1sCSkEpSVYI7bpSCdCSlUDWDtU/Z9N61z9bwjJMhRJSSU84hR1jbWBJ7qjdVp1XorC5FYpU6mREqWlU51LEuntBI/9eqUp+fSo4Wd2lSZsVSgQktl0hGPNXHX0Remrghx29HDOEcVWCULcVeYGpRcShCSpa2LdS27h51KUy2y0ytxxYCUIUpQFXLBukrg3FMofcVYvLIS0HOtguKMIBIQRBUdSogAakgCaRMu+cFKIPmDRp3C0kFSSlQuFJWFeYsEpVcWJxwE2l1YvvWF7bvWeINBRdw+8bVa4i1AE9bYPhu7bIgyFsJIg6VeWru2uEKVbvNvJAMlo9YNjzTIpW24FKNwUnTyPO1lb7X23t7Rh9bkJQApSUqOyVKSlRJSAAEqIVJOgESaxmSIk9owNDqT5aedPjCgEAE7kiw8Bh019qj7wrDnYV4UrQo3A7N/xxLI7Q8/Q0wX2T5eoo3C29I1Iad+tHt+mMLSQkkiNvWsjfyV6GpvH9A+Hywze7B8RUVd9r+Y+lNFZ/2d092oj2hOIu7+xPiPQ09s9z9wfKq7VoFVQdIHYm/Zubnt9RGK2521eNWNrVtB70iqf0K/39Ubc/Ln7+zWnEc7H9pYrP8A88Y8cyvlNOB+7NeXoqrbZJ5I/wDbT8hi4YN2UfeR+Amo24IDgJ0ABn4VZagJPmG22hPd3Y6lgmpZA309J9Kr9+pJQoAyfa7+ZSfCtgs+gfYP9OOhWaSMpjQSPOD+Yqsr+2T7s/oa9V6J/PbiQWQEknaPx5be+KVBgg+/8OdN7h8xR7h8rWxBXgUZVBgqAB8SY8PPzpwnQiO/139aZnVE7nmVc7bA2NrnkLmwFyLqISLqUAaw+wHnCwULduFe3asNGVvPiA22Ak65sx9knUxoTApdCvaCgYSg5lk+yMo0OqozQSCQJ0BVskkNTcGZVJAYiLbjaisCVLbKyo3SlSWoinY7jja0L1MTFERrAPNoqbYMZ71R0QfRUx7jm0Z4i4+vk4NgZ0Tw860lF/doJSpBSlCluISpAWOtWlLYKgFKBKc1A4k6RLazecscNCX3UJOZaULRChoRmcbSDB5gmdYgGpvScj02kxWqnU3xHdZb6o1SpOB+sSlqSUOdfPajgMsvhtxxcGjtQqc8tyQ55OpoJWr6A8I8A8G8A4c1hXBXD9rg9uEJaeusRbbvLpZ0KnEONhxacykhWsGZ5Vxq9xPFcUuFP3d+6lLi4UzmUoJRMjsgpiABAJInaoxX+KnDjJYdCnIdVmNttlLaXlKS2tanQAvrluOKUoLQW0KbQA2sJ8wedi5gpQkNKJedTqq7EhDgOyEtqhaY3kpAjTeZaFJC1IQc7cZgvaVbHQwfGR6aaVqvS3pgadFNhMwkMOpS231SS5oWFLQEpCYrpSEJKgXGlrBUUkgjfOZJnUaeXwnfyrORXd+I/OtTZg6WM9pQLExoI65fVli60qSU3cDqOsQwstgoKW3G0PLLawybqXqEqSokBQkb5iE7/eifKaMi9glRnuBPlpI8qQ03pOPGeUvzG5PWMICkP9Qk28s6tWppbp6t1LbilNtrcjK9BaHJbWtAyohO6kmf8JCv6Zjz8qMiuaVD7wKfWPPuOhrb1C4706uNORqkwwhC0rWlSvJkMqS84tY1oTdsrSp1TY0FSFNtaglxK7q1zp7/AMD+VGRXd+I/OplD4i0fqW49PqSGCLqUhqS2gLcSQrS4gsDrULbR1el5RjpQp0+Y6QVZS6ttedosKlJSpq4bLjSgf8SYII1jUfKEHGkdYlam3i4keytt1KAkSSQRmBJOuo76DNg0WWEyICWqS8ZClSZMJtBiyAzqTeZTnXITDsx5YS48+xEVUpcZLDKKhFSiO63yHpP6DOjHpasX2uM+HWzertyzZ4twohnDcTt3My1ti4XcfV23GELcKjlKlnMochVnwLjDG+HX212bj7zPWBS2nXQQNge0vUQBoJnU8zURnVJ2kVKnwqnTpzMCru+R0vMbDTa6DLqyUzXnKM7rf++aPUBHitPttVmkxIL650eDTqnU5T58k+XfTB9DXjPoowjFuMsG4gY4j4cw9Jccw+1tXk3Flh5UrqvrRfQ2q6vUpnrjZpfBhBBr0Dwr0oW3EGJIw64abtVllsnMCAXCVA+0RlJOmgVoRMEaF4uLX7PYfz248YrLbaEuIQ4ltxpu4VKFry9eM3tZQrIqZltcLQdFpSdK6mf2eijOYlSSJIgkxqJA84oC1pCSSdtuw949WNlJKYmNUpUIUlQIUAQZSSNjqJkHQgHStyI38dwd/Cm598EhKRqCe3lz37bd+MVikilgXUUm390XJ5W7L39g58ueE1uoQjOrMEde3blXVuEB10gNpVCSUpcUoJQ4qGlKlIWVAgapUlQdVmASx9qpZ6tKdM0yvKFCNZSVd29OtEolUzBL6uPTpsGAzHRIarslEN+l1hyQ48lcGl09mqMV2bMpKY+uoHyOHR1pkR48etrqDk2NQ/bPQj9DHjXpALOPcXYi1wbwq6y2+uytbIHiTE7ZwBSUuWlwBZWynERN5cOs3oSc/V6JrlfEnS3ZYAq4ssJbRi92HFJWQlbabVYEFIW6G0O5SSZbWoaDLzJ3lReFwjMxlPxW25aEMuuTqi2xKW0pIDhdaSq0eCQoKWVtstnqzZ589Wpx36d9GHQb0Z9E9kw3whw3a2OIdQ2gYu82zjGJvqCUg3GJYniMXLF24ZW+cPS80F5silCDXn7HuL+JeI1OjE8QcNotalNW1upTa2W1H2WysEJUUJhJIJnlI3iGbq3kKgOT0zaxIqlVS0EqVHktzVNFGvyltpxby/0CgGOus6puOllC2yCXnB1xKUhLral5HHlKXcPozKDjqiS4sEpStWZZKpUlJMyQCYquJSEpSkFRCQACtWZZgRKlEnMo8zJkya04/wBInLUGa8YNOiNtxHkspD7TTIcSyFrKypTspby0rW2FurZZQ4WdIjlBLruwKUgJCswSMoVB1A0nbnvSmVR5fiPzqMT+lC1qWsiMA8ta7goUygrL7iQ2oKcQyULWAApy/WKKHVJHVoSZ09/4H8qMiu78R+dJ3ekozJbbUVttLSlt8dWVIfbWqyVNnR5QpBT5oWhnrFlSSQhsI6tG8H3fEfnWtP7PSCpEmRGbfKFpUVNq8ndaSpKnGrLSpp5p/Q2Eq1pUvc6FN60rUEnTMk6TvpsfyrbIo7jTnt+dSyj8UaBUZCizMfjqPVltt6S8pL4bNiUtOF9kJKbpQsIWQuyS6iwAypxpbSWHELKUKCm32yEOsqBBS6yoypDqFQttcHKpIMGNdHG1I9ltJKDopSFBKsp3yk5YOWcp5EDWd3CTRqPVmXqlARHp7q7ONzadIZjwnnmFXeFUorUdMNaXGyl6VOiNIqz4cZQubEbjh7HJOkboP6LelFko4q4ZtrvEClSW+Ira3Yw3iNtxQITcrxS1IcvnWlEOJbuQhtxaUhwpSVGrJgXF+OcNKQcNulItG1JW9b3JLy3WUEFxoKGcArQFJCpGpBMa1DVMz4tQ6p9iKuC7BiGJUmZxleW1EuTxVIrMNEWMYjMBiLAlsyJchx6X97SobUF1ih/ftV+dnTt9EPEei22Vj/R2p3iTBurcuMVaxVtd5jFrYNpK7hdiyyFrfu0NA9U3bIdcUsJCEKrt3BnSVbY/cm3xNSLJ19SWrRCkrIceWrI2krSlTbYUSAVOKQkGVKUINPTKgSk32SElWxBTdIIBB3BsR5pGodox48t0Fx09WUr6pX7TItCsuXtgQo5i3s6EyWj7LgSdK6gt5tQWhKgpQHIEpOvJYBQfJRpwbUFm6Te3PYjs9dsSiNVAfrY00X2T5eoo/DkJUCNOY5j86RqQ079aPb9MD3YPiKyN/JXoam8f0D4fLEe92D4ioq77X8x9KZ6z+ocHeSD7Ck4jLoEtEDUkiPgae2e5+4PUVXetkioOgG2yfhcD4AYrjiFZ1ac+8fnVkb+zT4VUCg/7/qX/ADr/APmJxGO/3lin/HK9V0uP3Zry9FVbbJOnQi/paU258tI8Odv+2Lhg05UR3pn/AJfymou77X8p9Kstl9R8wX26sd390/XHU8DISWSfE/A1W7z+Pz+VbAZ9A+wf6cdHswVN5xsDrO+qQKry/tx4q/EV6r0T+e3DpaCtCgIkJKtSBomCd9zA0G5Ogk0rTe8QlKuwbJ3/AOKw77737N98RLxW42yi3bU+9dvN27DKElTqnHFZUktgFSUg7rUAlI1JFbpdRqVqKA2CtalApSEp17RAHdtqffTzRcqP1I9a+0AwUKIS9rR1JStY6x1otqS4HG0LCGnTbSNS2llxIa9zdBf0d8NwZiy4t4zsEXGLKR1uH4e4608hpbhS41eLKFrR+xyR1SjnPWH2dDXKuLuM13eewwt1SWEkBy5SFIKnE5gUAKCVZVSZI0geENGec85W4X054xZzL1QW0rq0OrDrqFqZ1dalkqSFkSFgl1xJWDqZUgpaX1nsl1aLh1q4fS2bplj6s04wjqWUWwKT1XVAAFcpRC8uySJ7+YoK3EqU7KnlKJKpn2fefhAnvrnDxU6UdUqsp9bc9xiKwmyEl5pmOtQXp1F0FpxS0Ke0gFlNwsouE+YU1qSYSFArUYQifbdVBhDSDBcWRJCEgqIBMaUollagtQAhtOdRJAhIIE6nvIqgfFTjxTsnUlvOfE3PGW+HOVaoX3YWY8/5gh5XiVZmIpny1WT6Q8l3NGeFU94tCdHyTQMxzIS/0UliOFkjC23GilL6F2pPa+tJNv1SYnrHi7kDTfctzKk99JsvNLUlKHULWs5UtoUFOFQ5dWJXPdp8ZFVvpXSVnZ+cDnBHg50qOkSy8+gU/MOS+FcDhdwmqZWtzrHaXxb42V3LAlMpa6q2jI7gWp/Q2CpsEcw4n6ZeifhB5234h48wG2u2Zy21pet4g8pSe0gtWRfVmHsgCJJOmu9vw/gzirExmtcBxMNkJKXri1dtmFhUx1br6UIXESrKo5QRmiRO0o8TphVpoOjoJ1+hR5FlGNmbpqcMWJ2kOIKhIay5wGr0JtxYvcNyXmyBYuL9EcnvPpg9D1qoJTc41ftkkNvs8LcQKbOWJKHE4flWD3hRiBrFWdrol4zIzLOHYfmGiXsWw5KnI1MpNxmGXmFAb+NOcij9IqMpmTmLom8a6PAaDiZMjh7xk6P/ABaWFqKVpUmnZqqHR8ffbadCSPJZhkKGpGjq0JDuLT6ZHQW8vJf47e4CVKSGlYngOOWjTwOilda/YobSluEhRKgBm13Fav8ARNxohBcQizxIJEq+q4lYOqbnZORD5JK9SABrBpxa4zQMqhBzZXa3wxeSpsCDx6ylmXgfTy4tXUx4cbiJnaHH4G1WfIUFNRabl7ivmCfIcbUYLctJQtfZeFulbo242CRwpxtw3jryyB9Uw/FbR+9SVAKAXaJc69BgjRSBJ0EkECo4hwtxHhZIvsExNgAE5zZvKQQOYWlBSR4H5Vu2m8Sa/TZUeLWY9RosiRCjTkR6gzLhrXFlJbcjVGMXG0omQ5SVMrZmxkLiOtOMuNvFl9tbl/SrMSMq0kTOdC0CRrEqSATGwE1XsiluKbMNOJTJQ+epVpOwdyk+W/KrD5L40lhcYB9/W31KFPlT4CluuLaIJVcLSofoiyUOtBD7jodcW2hTija9CFIdbIUQA62tsqGntJCgMyCZAUNCQRuDSYSqVAoUkpJHtJKZjmmYzJ7lJkEgwdKt1Q81UbMMRtLTiEy3UAuwpb/lbMol1S90SCylAW62hAdaUp5tKmXlFxyOjqC4ZZu2kM37LGK4SsPNXmCvtpyXCXUZSpS3AGyIMgE6EeFbAuIU0pp9dq6w51qXW5zLiCEHLrEp5mNTqKJZqKHZLsdxpcdaXEpDbitZCihK+p6wgKdCdSQy6EpDqSkEFwkK+T30pfoi3XCz170k9GJuLvhoXDmIcUcLsMlTuDsOkrcuLdogLu7ZJlTirRLqLcCHCmDPono76SF4o8jBsWUlp5pAQ24uSHABCDn1SSoDbNInUbUofKdJA5EgDn2EX9nI88fPZwIbC3WUKNsVFaHGwp1vK4SoftEZkyJhaSZQqUKAKSB2kjqkjNKgSSlSQVAgwRETyIPnTY6tLetxZSEISVrUpQQhCEp1LWtZslCEJBWtaiEpSkqUQkEjdDTrrqGWW3H1uvM2zZYQp1LlzcBJatkLQClVwsLSQyCXIM5aw4621buXTighhoFS1q0EASYG6o2MTrpW0MkcN59ekCVVoLrULSlTECSl9hLigrddSSpLLraRpUBTV/rggql2bUIj/wBXPoxfRIteGmrDpE6SrRu+4jyNXWB8KXzKH8Kwtl4ZkX16wc6LrFwjK6hl8fVmm1Nx+2SoV524+6Snr9TmD4Msos0KLbl2gKbUsEAqUAcqiQSpO2hGg1NbTzNnDJ3DSAszAzMmxmFKsSEoSUgMsodDaXGmgQtCWY6mUpQ2WwgNpKEH6Htlq3SphlCcioSp9KcpWIGuWARlEgJiEiAnQCuLLEKUOtU/r9soEKcJ1KjmAVM99c/+LPSnqVVmzWRMbj009c2xAir1M2SUpUX0oW23rUgqcf6xq4LhKkLCOoXoVttAJknQRlSo6HbQAx4b+tZQ2pYJEADcqUE+pBPlvVNanxOrOaKg/TqNFrtcmut+WJhUhEuetqnJmIjOzRHjxw3HavoQHlrbjwR+lmKDb7Fk8xUsBDbrgVrmbaWtCecLUkEJInUGNdN61gElKVIWQSCELSogjcEAnX3b1UXPPS46P+Vag9Q61x+4au5nbS6hrJHDuTXuO+d3JSUo66G7Q+BOX+JRg1BKlBvyKuTKAsLCwpLCUqUlril9Z4IhLmMXDOGNqAUld64i3SpJEhQLikyCDOnrUhZWGI35y2eHYhcEQP2VncKHdoQ3BHhy2qHxOlHRKt5lH4K9OXN7RR1wkw+jLQ8n0t0uKQhCkyuKHGDJk5EdDhCkLm0ZnrCtC/1zSkO83xPpt6J8In69x5w4ggkEN4gy8QRuCGlLMjnVltOAuM73934Zxg/fsnm/60p8fCntfSAfittLmdHDp2QmC42C+1wS4V5zQlZJS86+xlbpCzqqClKuscaapkl1QCwhaH3EuCEtvpB9Cd0QlvpJ4fSSYHXXYZHdu5lA10kwKy/0c8Y232uDPfyLbcI9xCFKM8ojegROlZwpaqMOk1XiaOGdanuqRSssdIfKHELo21ab1SrKDWYeLWVMvcPX1l5SvNj57kdYgFEduUpCOs6dhHFnCmPgHA+J8AxcEafUMWsbknwDbxkmdgJnSKgr7B8Xw0xe4Xf2/vctXgke8nLEDmdgNdqs3R+IVcy9IhCqM1GnoqMZmbTnpT6HKfXIa1KVGqtGqDDsqJV6S6byGJ9LfXGnMqQ9HeWjzhPZuakrQn/G4koR45lAD8aiypPtDMJAM6gcu/arTZF49OQHm2n5qyiziHW0lLd22lDrHVIStwFakN6EKLWlDzakqJBJZMyFaIWhyRr1Kw4QNpOQkpA3JMADWaRUmU6kFKgR7JB30OxMb+XOra0XNtNzPD0x5bLc6UncOtJbhv2DjiWX4zTeh6O+2lsX6xxDbgKQGloSlLpLqHEpQ802pbQ/YOLQHQhY0SooUDmHIg6EaEGsIztpKGXVMFQIDyCczR5OJgTKTqI1HIUN2SET1xShCFfoh1bS1urQXgFJcQ2oEuwnXHm20OtErilbQlMNN63k/Pj6RX0VsPetbzjPoywoYZcC4exXiPArVxtKLq4BK3brCAVAM2j0ld1ZSHnVTkbIrtPA/SEoNsYPjSurS2Ut290QpxTyphOcoCygHclcRzO5LowNA32uTft9gNr2I7RsQdjj52Ntui4uWVsutOWTpZuA62prK4k5VISVhIWoHkkkwK7cYUw28khTbwBQpJCpG+oElP8ANFK/z78OqRqQ079aPb9MJPdg+IrI38lehqbx/QPh8sR73YPiKirvtfzH0pnrX6hz94/wnEc/2J7iCfgae2e5+4PUVXauf7wd9YHzVitPPtpcUCTM9x/KrI32E+FVAoV/v6o25+XP39mtOI1zXEsUHP68Y8cyvlNLj92a8vRVW1yVyR+4n4BJxcsGQoISTyKZ190fP4VGXQleUblPqNKsxQNNm/72hPf3e7ljpuDmEtk7aR4R+dV29QpIWTEGflWwG9kD1jf8+Ax0nD1pNuUiZJB29wqtuA9cn7xPkB/oaxZASb+ofHC7yStKBmCAHmVLUTlAbS4lS9fekEe+YrZaSpMAx7SSZMaAgn8BtzqSZVy2/VpTcp1KTES4sJC0kpdU2AFLSsPNBPULuCFNutjznCUraSMeufo59EjGJP3HSJxFZpFuHXLbh6weAJeQU5Xbp5lQKmUADMytQIcPZNc2414lGX+yrRakBRSXXUgg+wZKQZEgiJ7+ewqF8b+M1B4YUU0uiPwZNRWAy+hl+O47DWv0XnyBezSVpExhxJW9qMXqQlyU6r24sBTjakoDaGWuqbbTokJ0gACBpHMeFcwJEFCCV5lZ1KMzOumvidff31xt4r8YpeaanJZdmFx4szHQzLfajtojxWzIlS35bjseNCgQ48KROmVCSI9LgwmJVQfLEdlxac8wO8x7vM91YSkiSRoEk6anccuZ8K5KyekRxi6R2eJ3CvoJ5dpuaqhSJop2eeldnWkjMPCHIUlTcdbkPg5laqocpXEXNFP0KkJzdnWLJyzNU5Jh0XKkQQsu8Uq9CYriy7GGrRldxfKVDLZCRbFRBg3DhBWGpAnqYckjkTUtZYUb4IedfLFqlUrCdVOj/wCEpIghKhJk6SAK6GdGv7IzLdKzCxxS4xVevcb+M0+REnVjihxQnSM+ZqXUYJWuHIpEnNaanTKO1T0OeS0iTCpicwwoA8hkZhqMdti1FxTgnGuLgtPFvE2ItYY/9vwxgtyWcLuWyTLd1cqUb0tkaFLaxCtasbPEFlgxLOBYHhtrcZQl/EbxkXTjqQdOoREsOBcqK9J1TrtXZPKfRhyxToyES48urKUhKHPvWfMno0DcNIakrUw22LJs20w22LAJBHJ1gfRX0ccPti1wrgTh21ttCs3Nkzizq1if2jdzfBdyhwkkuFSoV7MARo3uuLOIr5OS74ixosoJLdra3AYt0zooIAgpCglI1HISNK25D4E5Thosxl2itqNgVJpsZCyE303WI2o2ubC5tv34tDeBYSwpaLLDUWTIyhKWWsPYbUBPYbatllITsAuIBETrEH9ffzFTasUCzqty7xJVz1h5FCQT1calU6KzCOzTg5wcy0Bb7jpCtWo/pafEXY96QY+xueffbcYSuuGMFxNs22J4RgmI2SwQ61i+D2GJukH+G3cXbINuk69YBPWHKTqkSuzi18wsOIucUacBlK7TECwkEGZcST7ZnY8gCOda/wAy8AcvVGNOQ21NjJlxnYr7bEt51l1h+xdjCHUhUaahhRCQY7cNhGws6lJKccb4m+jP0PcSuZxwhbcM3bclnG+FHTgmNNLKs2dhy2CrPKFaw/arXIhK0p0qz2nSPxfZ5WDij99ZKgusYgpNwsQMoQ2sg5UFO47zNc989dAyBlJuZL4PsQ8kNqfcnycq0CMGuGGY5bstmTMGYuDk95vJkWXVXlB/NHEThnL4b8cqmw0unUfiTQ4MiYifWLfgTpm6K3kXPAPH+JdIuA2yMznBnHdywnEA2lRBcs8bksltLSUtoYLbS+sC19WMwNSr2NcGcThDfENmMHeI6tF/aozrKz7QJQiIGdUlWwiqkP07MmTqrIpVXpcmnV+OvS5RnTLnU+tmC02H38m1CaxGqyKiuOkVubw8zPFRmrLVPXMjUCt8WKBlPNHESN1ngDpYwnjK7Xgl9h+J8M8WtlRucBxoLQp9aEp65zB7l0pbvrNBzBJYJIKFnLrVZxzhK9wxsXlnc/2zhJAUi9txnVaMalP1xtMlhAEnMvSSRyra2ReIrzCYkhmewptCkFSFApX1SpS0klKXmikJIJSVXDwUmyXEdWT15Cm8pUh1t1MmFNqzAxAI5EEEEEKAIIMiNappAWOsbWhxuSkOIUChUa5kq0Ck66Ee+rl0rMsTN9NUTKQzVWozpiztGpKW9KU9WWUhKy0ptpHWMrASrR1jjpVcnDwFyhNu6tIsCh1u+s3Gg8nFUvAhLTqiClFmhJh9hQl4yRBNI/tCtl1p5ds5br6xC2yQpxQM5VQdAIiZn3gU/M1d2AUQq3IYZCChhipPSGkMuyerWVQ5jjqWksyFBl6RT3Vnq6hDWlAX94RJbSvkn9Kb6LOI8J4unjro0w25e4Uxa8cOLcL4e0X/AKjfXCofcs7dAKxb3Vypy5baSIt23A2RKZPpbo86SGruz+oY++y07btrSVqUCooCiGySNSS2E77HfTfeXCXhzPzvM+/6kwYmVo0hs011/qAa0tgsSF1hHWoWGKTGKSmmPrS2JzzLlUadepy6cZnYvomfRYb4NsrbpG49w9N1xS+V3HDXDGKNBzDuHnHHnOoxq/t1iLq+DHVuMtEZm0qSndNVbpF6Q3LzPgmCPhdm2rIu5QcoWhYC1QQYVBUU6bQQddKlXHTjdQ+GlEco2Xw25UWm1da4lADKFl0LQywDZtLaErLccsJSkslIF0BGn6DAKAhby317reWAkuLOq1BIEIRmJCGxo23lQCcs1xTIlHspWpwDXOqcyidTM66EkD3CuM3FTjtXq7NkpZNRr8+bKMOLCp/UzZCJEt6OmO3FZSkPl1Mp5ttLcOPVJalOFmNDkyFoSNEuJUsoE5kmDpp8TuPfSiGludkA+JAnWP1Ncy84dKCq5jz/ADuF3AvJz3SY4wQ5kimVeFSaxUKJwF4YTg+lclripn3LCpdXzjXYymxTKnw54Xz45pjT8pNa4l5Lq0GZQhG3+NN4UhxlLbj966pXUpQ2VoEn2QpYBCY/zbbnSRUtZYQvEnUrUoNWlv7NwsqyqKk9ooBMqTtqmZGoPdZLIn2ZfG/pIU6nu9MTjTW860FaIEtHBTKcJeSuBFLdjKdchRVcKMnzaTl/ME+k9cuAnMnEOqcVswVuI0w7WqxJfCrUq8w3jniNCkrx9ngnCVyXbThpj6xxDiIVJ68Y9ekf2Y68DnU0w2ptlailv2UirHbv8L4OtRtLA3rqVKzKeSUBa8xBVryJ9rw23Irp9wj+zd4U8O6QzR8t5VTRqewEBMCmx6fQqeSHFuK6uDl2n0phtOpXJQUbFSNIQSMVk9AfRxdqU5jFlxBxC64St1fEfEuI4gp11RKnHHMjiUlbiyVrKUpSVE5UhOlPz0h8QNgJwd23wIJgJU0wl45U6J2BOwEnQ899rN0vohZOp8YMsUp3q7BISKhWzpCUlOnzKg2kJ3uABbUkLsFpSRuroB6H1iHej/BngBAz/WzoIjU4gJ0gajlMCkR0h8aKieKMabV/Epu4ASTrJSkRAJMwdpjlNOiui9l9ohfkTybXCdcibISjUpKiUoqD8xKgChPmqGw2GoFWITE/ow9CWKAg8A4TaAiD1IuwYMTCk4hKTuQYJBg8ore36SeNrcyrG+uMzmcZzEkTBMzO8naa13m7of0DMlLqNLkeSz4FSjuRZ8HMdHi1WFVmHUqS4xUIcNNKp6WHCQVo8hmIXZI6psNjrOVYv9CnhBlXWcC8U45wWtBztqRcP4vkcTBQsG6W0UhKhm0BUCNJq22XTVjahk4hwuwx4EZVdY223KToQJSTJSY5a7d9cyeI/wBnlWODP31XuAcmp8F2333JVSy7kiMzmrgFmiQ/G8kcVnTghWGv6GRGkx3FMKzLlLL/AAuz7HcS4qkcQ4c1LEp2JRffSR6Ecqb4f/y5wqzDn10PoViSmWyFuFdkAXUktpOhOp01p+4x0Z8fBDDLZ4UxFCkqU0lpX1YqCphdxohLZOi1nRKZJMDSuWXcyZgo9fi5Rzzl+HkXPNTkxI1BjU+ZOrXCfiTUZZLyYPCzNFXTMzFRszSrLDfBziquTmR+M7CpfDTiTxvdpdbqEf0j0V9M3CPSQysYYoYBxRlAxDh7EU/VLhOZI6xppt5UuOZiptsJ9pfs6IKgmubcZcAYtwg6bv6v9awe4lNteWi/rbDhVonItuQSRtqNCIJNW64dZ+epzkdzr1pQ6sBx0vKfWl3q0pKXGChpphxBS22GUyQG1ILSkIdS8gdlUA04GXCE3AAWq1J/3hLe5dU1uGwNSvaNaokSkK0nmiR1iR3qRukDWZ2gzym8WV8zM51geRTHGFTWGgIUzVqVG6phDYS80m6nY7qUpDyHVx0r1FpwPJVZO8JdBbLgbCwUlZRnABGoKTooKEoI132NCVltQWFFJSZChuk8iI7jUqy/VkSC5R3wGqnS20IksKUhJdaSA23Jjs6ioRrBCU2J0bpULgKPzj+lh0D/ANj3tz0l8KN5LK6ZAx7hxhGVjDklxCTitspIIuXnnVIC2kDMhDilnRJruvRzxW/cJGE4g5KnzktVKJIGRKlkrUewCEmZ3OkSalgVqAsfOI2Nuzs7LWtyPbzx4NCkkBSVoUkkpCkqBBUN0yP4hrI3EHurrYCtSUlIGxUMoX9wntQNTHKpDTVhLiQs2Vex27SPULYTe7B8RQN/JXoanUf0D4fLEe92D4ioq77X8x9KZ61+oc/eP8JxHvJKkEDf/vT2z7R96B8j8qrvXP8AeDnqSP4lH64p1y2rrl7b+/mT7qsjfYT4VUOhADMNQAGxmvf5gwi7/emKf/kD/Uulk/urPgn0VVtclgDqwNv0SfkMXfCOwfEfhrUXcGHZPISfAKPyFWUoCTZs7W0J+X17MdGwjVDYGp0Efj+vHxiBvlpKFJEyM34lJ+VbAbsEJuQBYbm/abDlfHR7NKWbYurcbCRlkBRKvaIAGWNwYnukcqrLhIeBAKozaJgnn3kDSeZHpSqHEcqMyPT2bhyW6GgsAkIRZSnnLp9Hq2UOLSpelJXoRq1q04v3AHCTvHfFGFcPBtaLW9dUu7fcCm202ds2q5usiwlUulltQaQQAtwpSVJBzCMxrEW8Pw24uXA4kJCUAJCSvM4tKEwM4/iUJIOgk1L+KedYHDLIz5bQ0xPfiusxWgttvQl0dQoJcF0pf65bYJCSpS30EIXqUEfVWxw62w61tLWxaSxaWNnb4Yy0kBINtaoAZeUlIADzhHtj2tN1E61wG4ddun3nniCVLJbJJJCSdQd4PmR7+VcFuNvFadXZM6SX3n3l62YUJQdk1Kp1JTp8mp0WMyp116TJkLTHjRmh1jr7qGGQtx1ttT2kUgg689Pn8vSuVtGyVnv7RPirmbgnkiuTsvdF7IFWj0HpKcWcsznRK4xZyhpTPe4D8LK1GLsOdkbLDqY688ZmpkmRScw1pLFbZkVrLyeHsurpPkhsxoo6J8dfh407bbKSlaoyZoIGp2PLSfjyr6Y+jb0WuHnCLJuWsl5DybR8qZUy3DRFo1EpMdLUSG0Van3VL0+USZUp1HXzahKW5OqElS5c156S644pmy2nKtbqUquCDBIlI7oJ7tNIAIJp05dLScluSlmNlaGfBJ8iZ5wBGovpQ8oRYjSR1aEgAFJCCTp2sm5G9tt+ewvhZttKU5ySXlEhQ/hCeUHvkbRzpsdTJ1JmT+t/lU1YpkdlISALj/hFh7O3ft9gtjeilhjsnmn/AKU4KKAqIybWTy/4R6sFFN0imJeStP8Ae7hsdu+1xv2f98aLSTEUVAa7lVLyF6C4hRB1BCinUkagU6k2vqBsQRYjY3uRhN1nrW+r0bXmzC5Tq4kQPYCdAUyJHvNZJaKcjls28M2YLUopUkxGUCCI5zodapTxy4G0rOdNfi1KEl1xtKDCmNAxZsNyK6JEUsymmtaUR5LbcltpWthuQhMtDIlIS6apxVwbgXFtqy1jlgm7vbTIqwxW1dOG4thrjalKYucNv7cFy3facUpboWHW7hBDZCYJM5hfEWI4Uf8Ad3P9zPs3eFrldvibJ3t31ky0neFAK8K5I5zypmPhrmWa1U2w49LcQ8ZaW1x4WZYLZRFkVy77q2U1ukIREGaKShb0t2NIRmCNHkoj5irLJgDmN2HV4ZjT/wDaNyyrI3iTTQQq9tUpSli4v4KUG/KQpFwtCAleRC9yqk8YTZ3YGIYZat4faOwFWDZGS1uN3Wmd87IzJKFkJKlFQygJE7QyzxBl0tVPUzcOSOp9DU02Ckagm+keaEoK3CTYFOghSVaVX1YAIjmkGO6Rt4jn799dBWeqWjRUE76HkdddAJq/HC7O1CzIuAmUGXZSnW2nnEqQtxHWKClKUUkONoQkMvNh1aD1i2320E6CMlZWz9UJSLd45n1LaQ6UKSfYU2hehI0J1Tr31hKktlQ6hJUsQtzOUqI5CAOQ21191We478a6JwxyijL+UpseNUZDTzS/JpC+tajoaKFEPhTb7UpaerUChRcW6W5DilhtSl6EuH7W4VdLAA65aA2pSUiEJyJJADaAlAjcJBgVrlQj2WwQgSRMk66nU67k71xB4v8AFibNdk1SdIkO+TvLK/MkrfcDfXBKoyA848gqUtsEOJbedU2hYLjrqi5itgknURr/AK/l+PjXN1uNxO6Y/EnMPA3hbW6hlHIGW6vMyxx64z5VktozI/OcW4iqcAuENeSwlylM0+EtlnjXxLgMyXZNRlPcMMrOHLDeY6lnRq8pInq+3qFSIBPjqfdPu0iakbZlaQFGIIBEE7TO3fX0MdEToI8L+BuR6HljJuT6Pleh06LFZap9KhiOlWhCSevXZUiY6q6lLlzHn5Uha3HJDzi3nVraNW8O9e4hDrgOZOaCNQNJiRHu5d5il3rp/Iphs9W2QUqKTBPInTmdzqPjXSuhcPKVS2m+qjNNjSgbIG1t7AWABFzy9mHxJUSogAqJJA2BOpA9w2HupoBAA1MACTqTFTuPSIbKAEtC47QNN9hvcAk+y/rxis0sENkbBCT7Ra3uwUUBUGORYo1D92/zPr8cFFNsijMLBCAEgnbUm2359fuwbagAnuOx9x9x2NA0IPdUBr+VuubXaw3NlaSFJuLGxRZSVEdqTe+4INsM1MvgruGbj6utYIctOrS7blJBCkhStYUCUn2RoSdZitVhRc61ClAn2XEJUUpW2dFIkbZkyCY0BIg1zW6TXRJyZxHo9abFGptPn1OM9HmxnoCJGWq22uzjket0stOspS88OuTOiRVPIlFUqXGqTwj+TcR6QOhDh3ixaMawGeCuK7dX1lGOYSsoXcXbR6xgvoSEJS31oSV9r2ZABro3C3SLiGAITh+KpGN8OrIaVh10kOf2dbrORx6zK/tHmW1KW0hRQFLSAVgGRyehP5oyjnN/hnn9yYnN0JD68tVepvPTKnnKDDjqkfcdZqL8gN1fNcWG15XlbO02RKd4j5fYfp2Y3jxTp8GfxTkOjbpHx1eIO8EdJdg1hXHmFsG1w/FXyUo4hwQAI69Di0pKrh5okpRk1UQM/fjjTg+yRbji7hhxFxY36Su4tSSLq2ZUJWpdugLSgpTMjrDG47zbbh7nFxlcZYkG61IUHlFpKg8krYWlSXxpUseTltYKVlpaS2pIcQpCO3qIgaEhcQoCU6nQzI8flXKSoaJUlQKjABHnrB0jn5d9WMzDVkGHSc5UlYcq+X5KHZiA8p9dRiBbRcbcJd0FWtYLcdCShpTSCpKG3dQRxa0tMbwm9wnFLZu5tLq1cYeSUhZLKky6UpUILiUBSmwTBWEiRpD2zuLth9o2qw2pvM4lRUUx1aVLOokyUpKfPfU1uykVaDWKZSqnAfbeZqNNhS0pbUlRYLzKgtpYC3AkIcYcDYUvrVsFh9xtvrtKfjR08dFVl0VcdO4Lh7ufh/ELX+3cBUVE3HWXTgS8xdIKQllaELcIQhx3QAyBt6Z4K4me4qwK3u7sBCrZRYZSBC1KQChSnU/wjKCUmVSY7hUxgElxBO5Kk/w44k92D4ircN/JXoa2DH9A+HyxHvdg+IqKu+1/MfSmetfqVjvJPhYj6YYuKCUkmYg7eBp5Z6mf8sfDT51XisqT94vi17FI5Du35+u+KfdOJ65W/wABymrK32E+FVHoIH3/AFIkA2mSDy7lA4bPKSnE8WUtSUJF+SpatEpHWKlRMEgAbmNqWR+6sagSEiTsJBGtW1yYn9GCRc6UpB7bgJvbttY/99sXfCUXAd6lFu64nqut69JaSwpBAiFuOIM+KR3TrUVchanMqWnFTIzACNSY1nX9aVZKgeigAEnq+QBJ2BJOkXNgNztsNzYAnHScHUi3Sh19baEpKQU9YhxRKyGxCWlOEwpQJgH2ZPLWuYgpLIWXVJQYnKowdSBGvcfCeU1IczVlrLmT8w5neUhuJl2iVGtTVdcht7ySnFhL5YUoONlxDkuLrBbdHUuKULEbet/o/dHdpxfxLcoxayducOwxCn7t1SCLR5Lza0soZUsBalB1TZUFNoAAkE7DmvFuLHD7R1Nu8pu7dCDbrbAUEgrQVLUZlMoStI0BBiRBBNXfs4s7Zq49SuLHSKzFnXN1Vyeuto4a5CybKq0YZIiN0fqK/mmtUzL0ai01xmdUpVToFAiVar1TNVRhOZfrcaHPgtVSpJqX0Fwbgzhrh9tIwnCLS1fbGVFylA65IIyqAUBoFIKkkDeeWs8fub7ELxWa7v7h9J1U0sjqydwSJ5GCNNxsKQ9LTisup1yZAZIdbhOvtKSHHLqfBdjOhKkPhTTcZxDhTHu201KeWHGF6EvC1JIDZTzkeGg/XKm1cC+l5nfPT9Pynwb4TPuweN/SOzfO4TcN60C6Rkaiy6AuZxe4rxm4rK5SUcKuHEuWlMjL9QoWbKRXM15bzpk59qu5RMp9NawgSZ3A0/XdW6Gy4oJSQCJOsxtHIHvruj0J+i3kjgPwqyDwyyHSUU7KeS6JCpUBKkNLmVBxKnXqhW6vKjIYYqNZr1Qfk1es1JDDAnVKbJkIZbbWhpto+9KRlbcWcw9lIBOx1Ouw5n8DyeqQoNQIJBmJidCNCY1nl+VdVsvUVqLHaAQgaG9J82w5ggXtckb89733uTjZLbiUhzq1qCtISJUOeoJAG0b7039qOwqe72Zjv7UR5/OpmkaAEp2AAG23IW7MZCid0qT94D4aE61nKoAFSSmdBmifgCa9xtWKzBRWYKK9uRyJHjgooh5lLqTfn8/z8OzBRWucy0JuQy8lTaSFJcuCm9tSVAkbelztb1bg8tFJJMiNvzornT0heFkapRXZCWI6ZUJ9NRgyFQ2pQYmxUqS26tiQ2pqWhwKcYlwpRdgVGC/IhTYz0eQ60vQKcbWBlbKN5M55Pd7O2mkqGs8t3DPWGUqILEEpTOufWSQUwRt/F5VyoU6qmVKo0dxDjD0CQtyIp95K3kwlgJjgPhpC3VwS69TpK39XWyqdMc6xaerbU66xJEgHXvjf4nnTJxCkLUlRB1kR3HbkPnG0mrB8N82LpS4ivKAhxxpsA6glZWi1l2YUgtKAdXr6sAOp0lQASEncGRNIKQSSdP0PCnXiFm+ZVHp0ioVR5xYQC2p0tvJCQlWo9UWislZQOscL4WWr3S4EhtWaxkPePx/KuV3Srz1myI7ljhjw2kNwOMnGWtOZD4d1ZltT0vJrTsKRO4hcV22ozkMKb4YZPbkT6WlnXUoXEOucOpq3XqY/91VTVaghOYzHuilm0FUJETrvMd/d767l/Z89EHKPA3hhlPK2XaI3T6XSKVCiR2lnrX3OqSp1UmbJQhIqFQmS5Myo1SpEIM+pzZ04NNmSUBpBXKxACiSAd9TzgVIJcS2kIUCSkAEiIkd0kH8K7C0aksxI6EpbSkJQgJCUDSLJT6JIueQ35nt3vhQaADuApqt0FaiEqif8v/qqQgAADmBbn2kdvt5+/GayNQD317c2tfYch2YKKzBRXtyORIwUUMqQeab+0A/PBRSKVFS5e+49Ig87DuG4uQLW5fLGDqCO8GitY5sy9HnRpCFtpI0AgLbB1C6zpNgbg78reGEi2CCF6pPaA3y8421jbUa86yAkkBYlMjMN/ZnXTwrkZ0yujVE4jZamJgrVRc2UkuVHK+Y4qn40qnVaM83PjgyIr8Sc3FXPZakB6JLiz6dPSxVabMjSI77M6n8V8KN8UWFslw2znEeGXqL3COJL1SmbpjqF9YxYXDjLbqvqMhKHCkLUEbNqOlWPh/iJeBruGHS5cYVdpUzdMrha0WzgyuhlC1ZM+QnLK0idCQJJpHw3zXJrkJ6RXoCKNnODWJ9Az7Q0huOaZnmhR4LlWlwae2Y7EOg5mptRo+baJBpkJqg0iDmJOVadJqTmXpcx6V4Oxe5xPBCzeoVbYhh10bS6tbkZLh4NnKbu3SkqC7NehS4stuGQS2kykMuJcMRaYgFs5Hba6Z+ssLaJIbQoAhL0pSErAPtBBWJn2jVnMv5kYlRVxHXmAHkqYeD5ToU2WkFepoOp/SKSlsaypK0pQkkFGjVaQSCk8gpOb3ozDOPEozAbSTuN6reVYgpKQZG5PZJAUNBzTIHv3gVsTghn2mwoFby3XajDprFJrtOg0l6fOjtNlVbedjwmHHn1tsxlyn1tsNIW+TMmSmGY3XPLWhryz9KPoWvuk3BMJxThK2RccSYJfvuuW7ylodvMLcZW03a2fVNPdZcIWtLhbdLDWVJIcKgEnoHAPEVvw/e3bF6XBYXASLRLQQQ06SMynQtaAlKhIBSVGSBFW9gBQdQFJUhQUm6VpUhQ22ulQCk3G4BANiLgY+VWPYPinD99c4PjdjcYXitovLc4fdpyXLICikKWgFSQlRiDmnUaV6Gtbpm7abft1h1txBUFJIOX2ZAVBMEzAgnXnWwY/oHw+WK84kqQQI79fdTK77X8x9KZ60P0Dp7kKHrvubj34jnhmBbHaIJk7ab+/wDCntlsD/iBj4jf4VW+tuBFReBuSbHa3rG9yN7g4p902oPLBjfvPv8AdVjaBDaZ3gegHyqqFB2r1SJ5Gc+nxKhzHd4+GEXWw7jGKWygk9bdKWc05MpXqFRrz1gct6UImybA0JSkT3SDUR6XPSezb0ZuHGWarkOmZdn5ozdVKhT2JeZotSqECjxqXFp7rk5umwZ9IRPlvO1BphhMmrsxoykl2RTayhSGI/s36KfQhgfTBi3EV3xfdXisK4bfZw9WHWjim0XanFXSUpK/Zysn6qvMdF+0khJ1jmvSNxXecOW9mixGV1/RKzEZjsVGZga7CT764sZ3+0l6auYC605x0rlDjOpITEypRsp5REYoBWgx6hlrL1Pq7ZSsf+pUXyUAaj3fS7hz6P3RFwuhCMO4Hwu4W0SW7m+eeeeQoAgKyFCkE66gnTUgzFcEvOLcdv15ri4SQe4rJ/Hc7GZ1q7f2Y/FXPnFU9Myu8WOImd8/1OJ0Y1woNVzvmmvZsmwolQz7TJFSh0xVcm1GRCpj6qZBenQ4ZYjumM86poLsodRwzAcHwVJOEWFvhy3TFyi2QlDTiEj2AIAVIIB1AG/fpCXF7e3agbl3rEp7IkmO7TQcz8a+gvoq5Uh9HfoLcF8uNMGmPq4bsZvrnVpCXGa5xMelZ7rkUIbaQ2t5mqZqdp7AbSjq0wGSEHQlGJem9cx+L+bpNck1WoPSlmQ4H3tSgEts2UpwMIa0JKS0yp1lsICQGY0dtv8ARHQnBMCf1vWqlBIk94HxNUQ6C2W1ceOnbxv4xVNMibQ+j7lLLHR9yG8pllEX+luYbcQOMEtxk6n2MxZeqr1Jya3UI60plUAGKpamrBxB1RUkBKVGVDaNtdTrsNJ38NKdWwPWNEAkOLDZI/8ADChJcX/kSBrEnUaQSR1X+0E+1A4P/Zf8L6Aqq0Q8SeOufKY/L4Z8HINUapJm06ItyM/nPOlaDE5zLeR4lTH3cy6zDl1rMtWjy6TR4aItMzPX8sV/F8aawdpS86C7BTkBGxkyZggSmJSDMx3x0fgvo9v+O79bLRXb4fZPgvXwzdW6UwOrZKUqKlKC8wSsJEAqVslC/nWoX/iPftL63nKTmJSOAVIy5BW5JVw7gcKqgcuORltqVGjP1Gp5tl53Wy4hl0vzmM1wnUvg9SuOmzS+XP8ASJibl0gW1yw22p0pWlZVIQApRJICjyABk689Yr0RefR84Tt7EFLmKO3gbSFuJLeqzpmykhIE6EBMRrE619Rf2Y32tnDbp/wJmQ8wUKNwu6ROXKYqrVjISaiqfQs3UKOttiVmrIFTlIYkvxIj70cVrLdQQqtUJMuPLRKrlG6+sRug8NcXWuPMqTmh9tZQskphatiUQSYJ5ECAJ11rzlx50bX/AANdlZL9zaPoC21EGWxuEuTCc50haDlVJTAUE5+vmLioQYkHQHQzvt3VzxBztpcAICiQAd9O+NPCJrMYrNZgorMFFejYg9xGCim+cwh5KiQDcKCQQO7b2b92Ciq38UsvtyoEo9SCSl0psm2xSrtFlBQIBBBFiEkKBsQkvceHzNLodCEwQTqTy8v161w84y5PRSOI/lQbUlmpKVTHlOKcLQVJ8tqUWOyy2SUoQYtcmyXlm5clEaFK0astqBIRGo58tdRSLySuXRAERB39mB3RUajvIpybpS4EoBbIWVKskqCUKDwCLFKUuakuFWsJatd06UuwCkAH8Pfr86bDX8fwMVF65UXFiWtqU46FMK0tFxCdakMPKSEJKgUalJ2WtTaUXDi1NoBIzRVbuhFkZHHTpccUuK01xuo0DhjIpnBDIbwTKMdyoFmmZ94pVdUOa2wqLV3K1V8pcP6m91AV/wDlTHgJdWiGVFs8sEZACCDqeR38+fu76d27KhDhIhWw1kCRzga6b93OvpK4wdJjo5dBPgmvjD0kOIdL4dZHgKZpVOU8xKqmYc25gcivS42WslZVo7M7MWa68/Fiypr8OkU+UimUqHUa/XH6Zl+l1OrQ2NxfW9lbqdeWIaHtJB9okckjmdhrAkiSNal8HwPEuIcQ+o4ZbOPvKWlMpSSlOZQTKz/CkSVE6kpSrIFKGWuQ9B/8UZ0QK1m40WN0fOktHyk3JWy7madD4aNVdtKFKQAcqM58fZ64LJQtg5mS+nST1ZS3pVU3OP8ACm3UtfV7tWbZaQzHjBdB25EA94Fded6A+KWLMXLt7hSVhsKUxN31gVElBP1QiQdCY7yAdK739G3pRcDOlxw2h8WOAGfaZnvJ8mSunzHI4ehVrL1YaYYkvUHNeXp7USs5crbcaVGmJp9WgQ3ZlMlU+t09Mqh1ak1GdbMMxK1xVou27iUgCQhak5z3CElQBJ0gmeYkVxrGsHxHAr02eIWrjSgtSOtyqDRCTGdClJBU2ZEKA5wQFApG/wDD86EjuqMO51B942PvHuPKswUVmCiswUV6s6uW21vHfBRTPUoyHGVBQBUoEbAbjfv7bm428cYVsfA+lFVv4kZZamxnCpJ0gLNwne4UF3Nwd7JP4YbKbDqS2TlCxlKtRE6TprpWUhsqAdBLZMLCYzFPMCYEkd9ceOO3DtGUs8qztSWkxUZjhtUXNAbQ22xLeoyptTypXKlrRd6RR2JeZcpxWYYTInSc+04znVsUemJQ0dt5x1vFEBKLpy3TZPpbEMKt0+znAH/ikASSIkDXc0/VcuuYSLdZCnW3p6xQkG2BMNpO+cDTbL79BWuobjrL+7yW0hkKUhClaFOpbT1b/Vh1DZS4la1GOV6FqDCXUlanGkTtQ9RypTagK7mWh06etmsZ34fZhpdJkNoDOnNdIp8mp5aW3K1rbD6ao20lpaXEEjyhCQlHWpGCtbZbdbecYcadacQ61GdKkOpUkAHQhRGVQP8ACTWiwgoUF5ssa5CAoEapIkjZUE67TVuOJ/T34E9HWo8Bsr8dqnmPK1S4ncA8scTU5yj0Cr5rosipOZkzDlar0qdT8qU+q16HNimj0yTHksUmbT5jUx9tMpt5hHlfiD6UHQFxJx5xOri7hC2tbvE8SYbRizDpLL9wGlJWlVqoNlgZYDjvWuNkpCgnMohJ6twJxnaYLZPWOKF9SFqBauAUdW2kCQhzMsKJUZAhKhmKZjcb84edM7op8SgyjKHHzhvKeklsRodarqMm1WStzZDceiZ0ay9WnnFEFKUt05RU4C0LupUgeEeIuh3pK4ZS4vFOFbxu3QoNqfaetnUhSyUp9hDpcIJ5hMDUn39ERxLg1/BYvW5UZCSdY28NPGPfvFgqqtDsDyhpaHWZLSX2HW1JW26yrStLja0kocQ42CUrbUpCkqF1WVjll5Y3Vm6pN0w4wsJUChxJCgTr+EQaseHvNu5OqVnSEqOcdk6kQN95nyMwarlWkD7weKgk3CSLi9hvtuO+/vxSbv8AeHPGrW32E+FVMoSgMwVBJF/64/3W1FywPhtvzxG3zimsYxZxIKlJ6xQA0JKdYG+8RPn4LJSV2rCU6lWQAd5MwPOqe/ad0CfU8hcJKnGp8x+BAquboFSmtoBhMSalGytKo8d1XWApkvIpFaeYKmikCMpCXOsdShX1D+gXjGE2t30gcOPPIbxJ66sL+2cUpITdpX9ccLTKO2Vp+thJVBT7C4MERwzpjYuF2uG3QZX1aLgNLOnsgHVZPdtp7+cTXz95jfYgKdaddSh5p1SVJ1jrCR5t0oSD5xSoEhKr2uOfm4+lXVnvFcHrrF9jdV42YM2dLHJiXXW3q90aZTUZSHjGfBg8SMpMJeaU408kuJfr7YT5qCUNqZLjThbKtVJKdZkVgmAT3V9R/S2zPCy1w8o2VqY0y0GmIkCHEYcZBhRqahtKVRhpS7H6hLTEZhxpDjpS8FEtgoWNa1C5IEb+/wD0ri/nhbq6ZW5AcSEKgzllallJjhDLwU6nSQg2bC1NtSNaXGk2VoupAwoSCKFpzpjTcHX3eFR/7DGgLrfR8qfEnyVhNR4z8cOL3Eyrnqr9dKlZ+nZXACglbq2U03LMRiKWtTqy2W9KEr1IZOLcAc6pQQptClqUoSClOikgbyZEae6BvT9oOJQ2w2QFXi0WqVnUN9dBzEaGAEawQdZ2kV8snTG6QFU6afT344cZag6/XsnTs41ig5CjmOZMWh8F8nypOVsgtwoEzqm2kGgRYWYa3BZcY6/NtfzJWGimdVSlHnjpCxFS21vouuqc+sBopJJ6zMlfsJAgAqiRtJHfrX0F6KsORgGC4dh7FukNGyNxdPKTKnLj2FdYFKM5AFKGU7SBGgqmle4jToWcVmiGK7Hokx2A2+61KlOVemsrajMwprr/AFsp+NGRHWzS23A5JSJcthlS35LMZyb4Z6O/r2Ci8fX+1urRbrBIWQhawPbIMyYABy6mAO6ud8ZdOFphGPKsmg4EW14GLt0LQpCW0klRygExmSncjl5dt820jjV0D+P/AA0z3VuHtQ4NdIPgdDydn6s5HqVbolahuw/J4zUeizK9kybXKBWaTnTKs+qUfMTsGoS1uUk1uFUwzOEmM3xzAhjfA/GIwq+uDcMPXpcQ41nbbyLVISQ4TmISdRqOWpEV2HHbnhfpa4CevcKaCnmcPWC863I65pJSsAJAUlSVIlKokQFpOxr9DLhxnugcVOHOQOKWU5PlmVOJWTMsZ7yzLJGuTQc20On5gpTziRuhxcGpRytKgCF6trWJ9l2rvXpS+D7DjTWUcxoSdtNfd486+br1uu0furVyAq3unmiAMolCokDkNCI5HxqZYdUnWYKKzBRWYKKA4nUi1hcXNz7MFFapzxELsCQCL3SobcgFJc7xz9n0GEl7jw+Zorjn0hKNGbzI3PWjS83HdjxX1AqLMmRUqeguEAKIT5GiewhQBWVTHtQCEhWMNpIVn5SNPAeHvpUiWT4LPwg1T2tvBEkNlsuaZAacWLuuMqHnJt1qQG3Elay5brLJspKgBcOy5PLkOfcAO6mI281epqN1SPMl0eeIrgakeSzFQ3XXClKnfJ3VsLWEICklDpAQCpCHHUp1rQ04pwbAyAe+s1sn7GHKxncDuGmepFPajVTi2a7xoqDDLQZSmZxrzLVeKjcRKW+sOiIvNrdPS2QrqIsdhoEqZCkslEKNyonKGDJn+L2QdPjz7qkELKG7cBJUXXA0kCNCo6HXlr4zoN6+X/7UPpi1n7RXp2Z4kDMcyRwe4ZVTMvCjo80aJLbNJjZXoU4097NkNiU5GgIq3Feu0tvN9VqGluZLpKMq5cSiajLOX2YHAOkDGLtnrLlpwotzclAYJJDoSoDOcpEggkZe0Co6gSk+8uhHhrCsEsEuutIcxZdkm6cfWlMNrWCstwRPsjKkRvllUqM1QFrO2WMuZmfpaYrrMF9806uJaQrqqZMjSUxl1OmqfenVF5pQVJcfgPuvOtohseTSQlbcCNA2PDWP32Eu4khMApLrPsOZ1tqTKBIOXQQZgSVSoEip/GekTAWcaYwy8u2G1PKCXlqWjIHcxCgUnWJkRygacq7vdAnpUyugX0mOHHFnJecJVR6PHE1GU6Jxpo0JyY9SZ/DmfVqhAk5mm01LMhh+scMa3UJuY8vOQ+rrbU9+dkdVScpubc0xpbDo44pxC3x96yxVt+0aZuXGIeUAHercLYW2O45cwB5ETOoMP0z8F4PxDwknGMFVb3TrNq2sKYQM7hCEmc+VWVLuxJSVAKkEKEj9B9t1D7aHm3EOocShxDjamlocQ4kLQ62pn9CttaSFIU1+jUkgoGkjHrBK0uJS4kylaQtJ0MpUMwMjQ6HlpXgBSC2pTZBSW1FBSoQoFJKSFAwQQRBBAg6UPG1a1mCiswUVmCiiHkhVwQD5ptcXsd7HtxgiQR3iKK1ZnCIlyO8CBslRIA2NkqvtaxJ3G/qv6kHEqDayCAQkkH3/AAormV0kqM29l+quhlKnYaVzmUqSerVJppXNilaU6SQlbdkkFKkhSggjUTjW3UAguLGdSdQec/KlS6AytvKZI3+Ez7tzXPAvoZdju6dbLKbtv36lTzjatSCCQ44tIcbKlErL3WpuFrWrd+hYWnMBH/YH3d9Mq1PnfM6aFxF4b1lDrkJUDOkBKdLl2OqeeYS+22GUrV1bg62OoBvRoBccF0kjeAdFCR3Dv5fjFarTmSRpr37b/H4c6rN9tVP0cWOijSiA25B6KlMQgCyQmA7xU4jssoXHTq6qy6axoaQA2ER2lpS222hKELp13qVhxLbrY2QorSY7sySD3aAgGNqUTGTIUpVJSYVqn2fdzOmnvg1QjgvMdYqER9Dik9W4lBLSgCoFROkEFSSkgqSoE2Oo3FyrHB+NLdhTVy6LS3So7lSnXJSo/wCFZKSY2J1HIzVnw3KvqmlNtoBIOZoZVApMROkg7Hw7q+oDoJ1lw0CfSEOvJp66O7OTTkFTMJuW2/TlvS0w2lJhqkvpkrbclFlUpQGlT5ZUlln5vdNeG2bCXrpppKHzetoKkiBlUl4q005jw7q7rwuohCGxOUNq3MnTL7td9zv5VZqusuKqT+lekCwtdQ7yNh6iB4Y8j3X26/Kujt9hPhVSqGgqzDURe2mc+faA4Nuzu9fPDK5Kf7axJa4CDcqZMxpmMZ9YBj/DInaRSqXC1aMOgZi3kWEzElMkCYMa84MVqT7RPO2W8s9EDOeXqtVjAzFn2o5WoeR4sdrrZ02sU6vU3MNTcZs9DkQYcSg0me3OrdOlol09c6FT9Tcqu0tmd7P+hfgXEGLdLeA4nZW7zeGYXgt1d43dBSlNPONKIZbWkQEEpIylSlkDlXMek+9tLfh5VpdPoXc3OddugphSVqVomSSVETvpEbCRXyh1TJlXqLxckyUOqDpWFyUPzwbm9w1XJdZRckXuSQSdekKAGPs11nu/H/SvMddgPsWeCGUsydILitVc8LrL0LIPAmu5tocPL1cqGSUP1+VxF4X5epprz+QlZafzFSmG5tRku0CvvTKJKnNUibMhuP0qE+jClyIiPOtV9k+XqK+jLpq5jWrNVPpjy3kNRzNfGr9CwFKLICkoX1RK9KQA6EI1LKlgaV2OlJo7Q8/Q1zez4t2Xk/NMeOj+svZfqzUZtkJJQ+uA8Gm0kajYO6W9gpSlWuCo3wUqeXj7vn8tam/2D6mXOhHwNQw6iO+EZvT5QQUBqof/AIjZ1deW6pX6nTLKytRSQlwgKQre8VcrypfiZLS0gjdJMAGRMxHd7+ZFTNglHXWSnEhTbdy06tB2UkaFMnYHNueWmszXw4cNqi1lxyq0euR6s1mRqmT8vz4jM2VS1ty9bYkrkoahVAyRElNOtv012KhtxLa3ZTsdSw4z5c4wwu6Xe9deOhqzavG35UkkOKSVQ1JUMkpUVBRmAkiNa+jmAY1ZOcOWrFlbFd5c4SothDgkKyoSE9gmZMgnTlsa0LmCG9FqtRjytLhckSFKIOtp1l9RcHpElbbqHTsQpKkk3UdW/p/BHxdYTgrliW27YWSG1NhSSUwkS4VDKSNAIgdrc8/AHFlorBuKsSssWZWLm8u1XCw6gqDjCnNGUCPZMlKi5JEAjKZ0s9kPPed800biHmLOmdM35nrVZpTDc2uZnzdPq1YqcfLqKNGp0aZOr79SqVbj0ym01un0yAxIdkwYKGW6e3ChU9ak+aOkxTY4ss22FoeebupUpA1GZIAkcoJ0Mx3g7V7p6GmijhXqkWqLfDjaOKDWWCFZDKiuACDM7d+p5fp5fZg+Ur+zj6C78xSlSJHRT4FvEqvqTHe4c5ekQWl3AKnG4D0Ya+SmepsCQVK9GcOdb/Ytj109YWkzPdkTEEgE+ndXg/jQNji3HwwgItxiFyEAKBBUHlpWRHeoEnXfSNKvTicqs1mCiswUVmCivFcj7D8sFFa8zdtAkHndCx/0L3wkvceHzNFcdOlD1YqsLWU6B99urQopCFCNluvyG1LStSUaGn2ml3JP6TSUJLgSDsjbwP8Ar86V/wDBPgvn7v1rVDKnEqbs9TiZLKKc4mKI/pakpdCn5RQEoUtYWl9rR+jZaaYjSFpKluvArBEiZjypiNvNXqaas+lUfhxnZUZ9HlDeUcxPR3QSFamqLLW222soQElaUAoWTdJUChJUkXzmy+zEx7+/Xu99ZqzvQMMrKn2f+UswUBBTVMu9DiiVWhGOChwVCkcCIsmlBrTpUHFSGGEahbzllwA7Xi75KjaX6kKCVEE6iTokAd35GNZ1qdwhCHMRwYOABtN81mBEhY6wHflp+RPKvg44Qsw4FKrlUU9THJEnLim2BMjVuVMkz40touRILtORUEMTFxXIrjsqdEbhIafehSpzCpKkueVuLHrm+xTC7W4bd+qMYigOLMBt1CXEEkBUZiZOVKVKUf4Qcpr6WYY1hzGAXz9ihpu6VhIUIdTmCizroEyNRG3PedtH0ytzsuZrp2ZIrMGRU6BmGHXI0eqwItTpr86lVJuox2KlTJrcmDUae5LjtidTpjMiFPjdbDltPR33EK9Y2bCGsItWLNCPqyrZoJBQJQgNpAChJEgRzA3IBnT5yYwL2+4uuhfPFKxiFxkPXaH9qqIAiAR75E710n4ndNHix0ucxcbOM/FKk8PaTmnPastyKhCyFlyblfL1Kay9S6BSUN5bp7lQrrrbkiDRUy6p971uXKmzV1WpLlRHpHVu+VukFDdpxxYBoIZStaetDYH7QzClQnKNTqTqQZJKpmvdfRTbLXwJe4c6HLpGRQbW6oryJVKolZUVJGYhIBSgJgJCUpSkfpSdBjMNTzb0JOhzmmtSXJtYzP0U+jrmGrzX1dY/NqtZ4P5PqVQlPOkJUpciVKceJKUlXWayDe+PUuGEOWVmE6AWlrvqYLKI9/5614D4lb+qY9izKYcIxXEkQj2QkIvX0AQSR/D36bTpVpsPDoSO6oqswUVmCiswUUQ9yV+4frgorX+ZQC0oHtCgfEEHCbv2S/umiud3H5lo0irJUDp8mlKUdVtj1oO9jYgDnhBgZmlDaawrY+H6/Xw1rlZnMSadUZUNq2qPVX2AhyWppa0tTxHedS62kq6xtZFmSkIUpJUb8i7bJQmDr4aAeGlIVU/jnWmJcrLzMVLflCa5CdYIC1XQy80G1G4Lw1PJASbkrCxY2XhULkgRv7/9KKpV9r9xml5l6TfD6jzMv17LA4acBOHuRQM7MxMpuZhecrmds2f0iy6c0VWnrruUqpEzLEbo1fhOvxJ8imzosIqbhuBOlwjOytMxI3ifwkVsjtDz9DVa+BudGJc+ImRElJbS+hT0qBHNXjaA6nV1j9GVUobHVN6lWckNldrhSiVJHGeMrQ/VbmFzAzdmNASI3nYHwqy4aYcbUBslRie4zv8Aod0ivrO6ClEjzMhS8702oRZVJcjSsvsBpTZeXOApVQmNraB6+L93sGEwsSEMqfXKKkJUhGo/Mnp4xK3Zvm8GB6x+5X9dCwcuRDIWlSMkEqkup9rMBpseXdeE/wBo31uoCWyIie0U/wAWnIagAxpsCCbFVtlS6g6Q4U7J2AJ5jVf0h2G3hjyVd/br8fhvtXSW+wnwqpFE3zHUT3zXf82/1wwuGi/imJoAkqxDKE95zkRPKYpQfubPgj5+HrVPftPsvyankPg7Vkw3H4dMrGdabIldSlTUSVWYGVJMFlLxZUUyJzdEnKQgPtamYEjzXL+b9OPoBY5bMXPHWFKcYaeuG27hC3VJQq2t2khLtmjNAWHiJLuZsJIAyHWuG9M2GreOG3CJWGlhajMJSBMFRGgAJmCIB5GZrg7WY7rSVBQCSlxfbfzSAUi21rEK/wDvsR5tz9Jk3LS1JS2407mIADTzTizJA9lCVkqiZIHITXBl9YlYbSG1kmB+1jx/hPd+Irqx9jjUXo+f+lgmM02uenoi5odbBDiynyLibkCSogILIBSl9hYBeBUVJFlX0KVW4E3TtqlD6uqQlanVM5EDNGhJUY7gZMnQDuwoLAIX1YMxAcBV37ZROx8PKu2fTQUK9LoOaoY8pj1WHGqMZzfQuFUo4eZcbcLXVLTJZdZSlLyHUAKAWhwEoO9aI7Q8/Q1SJa0O+YVONpcYCEqcVcqSvS0tZBSodY40SnTpLKlqCQylpaWk5G/kfQ0orl94etR77FWojJvDPPnBSW//AOZ8D+P3GPh68FoLTnkMfiFUqxCkhgKs03UI9UXIjoutluO6ln+stFeIhTgVcLZLeaULg5tiSYMBJmDy0100qVLLgtOtbXCklJiNwkAkAzudOXpNcEftWejdN6Cn2imcs4ysppqXBjpC5mrfGjhdWp0brounNlWFYz/linvqXEpyKxw+znWKjSGKfJ8qMLJc7I1WkLhuT2SxwvpH4dxG/tbu2auVoQv20KFuT1ZAUCojrApZEwBmToCo7wPdHQZxngF9hdpbvWrYxSztCylK7oKlIW2A9BYETpKNYJ7fskmoVY4K5Cz5TIfEKpzYNKptTdlvzoonNCqQmpUt2NTmhHpcqOqUmW5HqD8FUdpcJ12MxDhPSXHFS1cPseP+KuHk/wBhMPPv/Vm+qDxKmgU5ozBBCymJEJz89YrsuL9FnCPFN03juK4cw5fA9Zm9klQgkImB/wA0bDQGtkZJ6ONQ488QuEnRD4EUtL+beKeflZLqtQgQJUpFAozWZFO1/ObqTKUz9xZVytSJ+a5xUUsJo8B512Qur1CSy7LcE4TjHEvFTeI4i+44gFtz2mSoCVmfazTpOpHIHTYpg+MuI+H+A+FMRZtuqs1otnGbVhDqSt1woICEkgZSdAmJknLoSa/TxyDkrL/DTIeR+GuUISKZlDh3k/LWRsq0xtKUop+XsqUeHQqPET1aUIIj02BEjp0tpOhlIUVHfHttDSGGWGWxCW20idp9lI22EADbevmO9dP31xd3lwrM5cXdw6TrP7RZWdTqRmKiJ1ExvNSzGaTrMFFZgorMFFBWdKCed7j3C+CitX51kJTAkajpIQ4b8xZKFb9nf4eOEl7jw+Zorjrx+lxqhW8wsPFYRT8qP1CPIIKWEVSRmrKtFjxFrF9T0qkVavTgyAP0FGeduoNqAEKOYIganQz3+4D3Hc1lbmVqImcw37x+VUZmPuGyExYyoLTDZElTimHUv+UKUpluMEaFJDSW5KCooSHnHgSkvOvFySUHLvEGdtwD7+8imaDmBMR7Sh+NBmJalRFU6WwiRGq0eVAfEgg9Y1UYzsYRlNq1tKExt1TC23NKVpWW0LUVocOhMma3q4v2TamKj0SeBmVMzNMzZFI4O5F4f50pkncqrGV8pU3JWdKNJQFqs41VaVVqdJaCggONuMnSzcoZvI6xp9qSOu0zb5dI0Eie8+0I91PkOrZdwxSQoBLyXisGIyr7o2Ebk76ivhrz30bqf0Z+l9xl6NfF2bUqYOF2dszZZp0tTUanwsx5ejGTLyJmoLlymURoWa8pyMv5opbhamNLi1mKWih5KHm/M/Sa7juGJRbWCWnha3Odp36sAuEqCgCmVb7AhYVJ0Gmv0e6KrLAeJMIYxJ55Yeu8NSl+0FxKUuKQULTmECUkGRkEGQYia19XujXWa5VY9SoD3/lladkyKe+hsyochkLkrYVFlB2O+2qUG3UM+VhkOvt1B5CkQWFurxw/06C1wxVjeWqrjEGm0svp+s9SUvoSEuBKTbuDRQIAnSNdNRSeKfo02OK4+1i1m88wwp0vFCWysLC1FU5w82BIO+X51tqm8E65BgcOuDnDhybmPijx2zLlnh/lqksBhpFXzDnHOSMtUSkESZyYkVb9anUiM7U5rTLdMbqkhxuREWioJjUjC77E+N+NWru5si1bIuCpCSvrvZClFPtlprKCFH2QYUQCpOiZ6xcN4b0c8CXQU4229bsBEKWEKWGm8udRKlROWSSCBMknWv1N+EXDik8HeE/C7hHQll6i8KuHOSOGlFeUlTa3aPkXLVNyxTVrQpx4pW5Cpcda0l1whwrOtWrb2pZti3ZZQIKUNNogSNEISkayeQ3jXumvmNiVz9exa+xBYMXV7dXJbVqR9YuFvZSqY0Ko2ith4XOpJ76ZVmCiswUVmCiiXTpGrnYcuXL1+OMEwCe4TRWucyu2adVa1tRvfl5t78uzCLi5bWI/hOvl3f60Vzi49uOzok2mxruy6mF02IyhfVqelVB7ySKyhw36tbr7zbSVWOlSgqxsQcW32f8AMf1+h8eWFbHwNcsOJLkSp5srL8VDhhvVeqS4bTLg6xth+TJfajtOthL6UtNPoQ0FOO+akJZTHdWXUuKQqoNWo03MXEbLNMjNzQ89Xoa06VB1LX9diMIRHefK20ItbrGZBQlwqDTX65tKdkdoefoaK1v9tvS48fpVcCI0nqQ410K+EQcVHbcZGiHn/itGitlDjrjiVtMpZS4SpF3EL/QMJUGWsvHK2oxOkVsjtDz9DXPbhnlKjvS4zqY8N5SnEKWt+NHecKy4VBWqQ28UlJFk2OwFxawA5Bxg6n6telaurSEKOaM0mCcoGmpBjXxG1WPDJKmx3pI8idT5a6e6vqz+zvzVKRwzqnDt6CwiHSx/SWl1GOhptTnlhgUufCmpbQ316meogOwX1Ba2WVSIxcCOrbZ+YP0hsJaZv7HHUJOYpVanvIdBWSVTof2e2XUncV3PhBZS31MTLRXmJI0CgAAmSIgydd/AVaSut9ZUnje1gkWtfndXeP71vC+PJT4zuqMxrEb7fCumtGW0HvSDVSqEdWYageX9deHf/wCon2YYPZlYlimRRbUb8lKwJKTmUQQNJjypdIi2ZHdl8wAZ+I091WJVkPJfEehHLOfMsUbNlBdWxLVTK1CamMJlMNPNMyo6nE9dDmNNyX2mpcN2PIQ0/Ia6wodIT1jgfiviPhDEW8Y4TxZ/Ar9KUJcuLZLbi3FCP2hS6hTcnmlaFp9xqv4xYWmKwxetB1kjKpB0zJJKSAdSnbcfKowPs2ehNmC6qjwNp5W4Q4oxc6cSqekav2UN0/OcVDaRc2S2lKACQEgbY9IYV9InpqW22lfHuJv5ij9m/b4aWle0NFBmyZcgHWUOoMgSYkGi3nBHDCSVpw0JIzZT1iiQdBMkEazsB4k7iY5b6CHRf6O1I4j504N8OpWWMxZl4a5gyBVG3M756zBAqtJrk6iVnyFVNzXmesQWJiqxl+jriy4wiKAD8aSXWZK9PqLoL6beK8e4sXgvFmPpuGr1CkKQ5bobzFtlx1Ht5iU+2gajfY1zbijhjDrO0ubmxs1JdbCChQWohOZxtB9mNfZKpkzrMxAEZmR1Z/6MuSUyY77laynlyJk+YpxtBk+WZJUiiul8MhSmnZkKmR5ZQpSlhCzcvFDyke3VIWgNqWWyl4ZmlNrCwpMTJ5p01Hf7pFc0CAgwokOROUjlpz+PwHfVCZrhgPBhbZQphKQ8lfnuNIXpTqU0rSooOokKUlJSBqA2So6lWXLpMqCT7grQn3xvFbhIUFSYhJUPeRqBuInv5chMVqPgnmKNwG6elbDj8anZO6WuU6VmijrK3I8M8WeGUGm5TzhTmEuoKUIeyy1k6v1GaopTMrmc4rbLTjslxwwd66bHEmzAWy4kguE5cq1RCYEgyec+MHedsU/XcOc1yOoJ/ZAZpQAQSSToNByMyNoru3x16KXR76fXAt/gx0h8pKzLliQ81VMvVmG8mmZyyJmRliTFhZnybXAxJVRqxEjyZEZ5h2PNo1YgPyqRmOl1qkS5UF9W+trbEDldQlCVtdpIzTtpqNJk6+7nSmE43f8ADj7V7hrimXkPgLAUoJWjUlCwCJSVBJImf8wOtcD4/wD4W7iLQM5PK4f9OeFJ4emXMcoic38HKhJzjR4bqFxRHlGjcRo1DzBJgxFiPJmxU5Rakrjpdh0SAXXWV82vejPB7u4deQgIcckKcDKSQkkGYzRuDMb6TuZ9ANfSLxdqzZaftENZEFKVIvFKDiwmBmBZSRIJMgKgiCdAo95vs8vsrej19ntSqjWclyavxL4y5opjdNzVxqzoxDbr79LLsaW5l7KFKha4WTMpuzY7c12mxZNRq9Tcagt5gzHW49Io7MC7cP8ADOG4DaJZYaSt3YvlAQvQ7ZQVACeQO81xPi3jbGOL8QXcXrqhahWdq3S4paAoiCSogEkg6mANNAK6c/nbl4Ysk6Ad0x4aQPKKqAABJGiTEJGwImSPHn4VmMVmswUVmCiswUUjluJQkAmxsTfuvcA/DBRVfuJ9cTCpcpS1/sO2BOkE6XNyu4CR2KUSAnmVAAnCS9x4fM0shoLTJJGp/CuNnFat+V0utTm5LqmM35oUGkDS8yqgcP49RpEWsxFIjPSG487Mmas6UKSJC2A1UcntOSULQhiO9u03JDk7HaO6ec6b91N3xlJb7tZ+8O73eNU6qFVSXVoaAKVtrSwpt1aWWmUyHSEthQQopd6hKut1pcdWl0tuBGkqUWZUfAD4ACm6U5REzqT8TRMeqLmiG0y2+2pCmlx+rbUosPoC348hQbW6FJjKbbU0lKGAuQ2lQCE7DWtqtD9n7Wxw/wA2cSeG8kSI8am8Rsx5vy+Zsltcqp5d4u1GRxOXWGorbDBbpcbPOY8+5Lp0hbY1qyRKiEJEVtbzV5WRaABOckbxE/Eb99SbMPW5SRCm0kJVz0MiBG8nflpvOjz9rj9jnSvtIKDlvjbwPr+XeHHSzyBRo1Fh1jMIkRMmcW8nU4zKhCyjnep0+HUZ+X8w5dlyZMjJWdItLqqAzIfynmml1CjP0CsZHg8d4eZxW3dbS2HnXQTKkj2VRtrMjuOkd3MdD6OOky44Ev203j9y/YXCoWMpQGEqO7WUkLCdSoKAzA5kkKTlc+bTL/2dn2uFMr0ThBmXoa8X1OQJ/k1KkUt3K9QyAp+CiS9T5iuJFAzLUuG8GGZa5kiomp5wjxakmW9T6u5CjPJGPP8Ad9DjhxB65atS2tTqyshsKClEkEknQHWQQSAYIMwa9cp+kRw4nC0lvEwpRZQtKXCEOhJSMoKJK8wJ2gGeQJivo6+yR+xZzJ0bc80jpV9MBzLta480SLLVwt4ZUWTErtC4Myq7En06qZordchE0Wu8SZVLlT6DAg5fNRybk2CqpTKdUcx1ap0Wq5a69wbwUnAcjz7KcykI9spT7PsgwY3OkidoBkk15a6S+la/4xuPqFrcOJsVqMqC1jrEqOYHIQIRHaBAJV7OgBCvpC37SpR7VKIKlHvUUpSkqPMkJSL3skDbHSNOW3Lw5Vx4pKSUk5iklJPeQYJ896zBWKzBRWYKKzBRSGe+llo35kG29rA7avC3Lt78YVsfA+lFaUzvVkx4r4JJJQSk8ua0C/I93jhAjMMu2bSe6dKK5jcXs1oTWnZBlOJTlen1TN+ltxlp9qdTJESBlmXDTIdbQ/5Pn2rZM+9mGUrkfdC31jSkHCjbYbEAz5RWquyfy/W3f5+6ubs19Dy5ICtS1JGkKWF6UAA/otZa1nrrgpQltCGtOjUSAFQJIHfSNS/gvkQSM2rzjPirTByvFm1yQ6lsBtlukwZFQW6tC3LtAaXXFKW7GhgEuvpKdUg7+y3CllREhICEyoqV7KBE7FRE7QJPKsEwCe6qB/as8PeKnHHph0ODwo4U8U+JUjhz0ZuCFEzlHyFkHM+e3cpVPM0nOudKfHzAvKFMrEekfecWpyDS0y3mxPFPnLp/lUaFIfZrPEvGHCvChat+JuJMGwS4dBUpu8ukpU2kzkzJ7crMCI0JOvIv7PDcRu2lvsWjjqUEABsElQKgkkaDaZ7tNTqKrdwu6LvSTp0qP97dHnjpS2lPt3cqXCDiJCAspW9pOW27do84ptsSbHHEOJukXo+umLjqOMeH8QbdGTq7W8zve0CnrEpISClA9pQmYqxYdheJ50JNi+gjfrEFIjTmRv3Rv4b/AEh9CXhZnDJGW6tVs25cq+WFvUtimwoVfpcyj1KSZExqZJfRCqMePLSywmBHQtakhpwyGVNFYCtPzu6fOIcOxZ1mxw29YumLdxKwWlgqVAWJyiYAzDUGNeddt4XtLhgJU8gJ/YqSSDsSUwCIBEfrWYsNXBaoOfup+BUPpjya+6UuqAA3POukNCG0DuSBVQqB/aCo/wDPPf5icN3QBjWItcjcLdnnKSTHdBkjv2PuLhAlhgTAJSDpO8jvq2+Tdg0efmJT4FI/7Yu2EH2Y74/CNvU77HblHXSMiisEkgAx5k1ZWgqtoTb9gC/hjpGC7NHUQpKp+7B7ucR8fKtXqypKhGxOvjFTlcdmVGejSWWpEaSw7GlRZLTUiNLiyGyzJjSGH0ONPMSGFuMvNuIWlba1pI326lh1zcW739pWSlWt6VNNpfaKgptJUlK3EkncIKhqYqtXAbdzMOICkLMKCjI0gzEcjrv+FV0d4QcNOE1EmUrh3kyg5DyvmSuy6zU6BleAimUVzM9QjtQX5UKisJFNpSJtNjRWUQqNEhREfd0h/wAnDjz7j3uz6OHSG9j7mM8M43iS7y+tEIODvvrGd9LcLuEqE5QEspWQEzrHea5Lxng6LJxNzaN5m1RmMaNhSgmJTvr3mdfdNc2OMuS15dr8tbDIU3I0uJBQ2m6XELUhJUoggpB0qCUjcEbE49SOda051biUiZKSJggc5OhG0Qe+qSAkokk55Ep0gjn79vEVT/inw6rPFTIQomX5IpvEbItcpnEjg5VYEmJT5jXELLiX1t0R6ZKfiQ2o+aKbJmUOAKpUKfQ6fmt3LOca5KfbynBRFi8XtlX1kphkn67nS5ZDk9dISstsukahtaSoqUk5gUgg709w2/8A7Ou03C0JVZ5S1eySC1aOFIcebAgKdbIQEhXswpU11Q+z+6WcDjNw/p0mcr7tznRCzRs95dfS5Dl0XMEcvNvkwZKG5Een1F2K87AEhlmRHWiZTpTLU2nSW8QOAYyzjCHrB1SbbF8Mc+r4hbzCEuCQA0pRClJO5Jkzz51NcR4M7hxYvG5ewrEUi5sLhMFamlT9qlIKUkZtANT512Oy/W2pTLS2136wEKIINjtcAi4Nldm23vFwZV1EtqbSpeWJO0aRtqY093xqroSh0lSpcb5BRIyrkGdu6QNdPWaBSVAFJJJ3JI7/AF9/57ManVRV38vOf150qlITMbd3Ifr9co9wVtWYKKzBRWYKKLW4Ec7cr7m3hywUVD65VG2GlKKwnTfa/cDv9MaKUQYEbTrRXPXj/n+fOkRso5eXGVXsyyTTKaZS3PI4wLL8uqVmqqYS49GoeXaXGmVyuSktOBmkQKhIQlxyN5O9osyhJQZdzEFPIIABCu+dTpsYGo3DllQCVZtEpBIPeqJj9d45780eKNfgTqmxAoilDLeXoUWg5dXJLbU5yk0tjyZifOQ268walXpBl1+tuNqVGk1qr1CVGSUPpeccCWwE+4Ez3nX3VHqcU6pSlAJMkCNiEmAfP9Tua9iA/W56y1G1pDZUkM2S2sMKUSpZRstaV2USAgWACwtBVfbLm9qYn3eXfWKdYKC0l2OvSyvdFikrKdd99WrcEXUAPNSNk6Up83RQgkUU41LMFX4Y1KgccaQmVLp2QkJy3xUpdMZdfn1ThfU5QnMZoYZQlb9QqPCivSZldixGFNsf0YzRnlbzbiowkR4jGHLhizN9aNJe+qPJF0heZORjQrcQU6kpSSRuJialsLR9YWbUEJW5KRPOYOnfE7ePl346P/FKkZwy1R6rS6jEqdOqcKHUKfPhSo8mHNhSo0eRHlQn2CWpEV9h9p5l1lSm1suNrQSlaVF61eWt9atX2GXHWMPNJcSokZwCADmSDCTIIj4+5K6Zds7l6zuVrd6paktocbRkAmQEK3IjYgkx3EVcaFJRJZSpBuAlKbnmSBvt4fnsVQpa0JWpZJKQZKRJnv21/GkUhpCVoUyFZlGTmUI9wA0A91LLi9r7jmO3G/7Q9twrHcQIA7hG0DQeArUBtKYQ0lKgIC9SQI7joe/5VmM7VjXmZPM9576zBRWYKKzBRRbjqGgSo7jsO3x7PX3YDsedFQPMNbRHSsKWQQNjcWQnfzrm24N9zt78IqcISSQIg9/+tGpMDc7eJ2qjvGTijT6JCnSZs9iJFYZeefkyJKGY7LTbanHXn3lAhlplrW664QerbbWsggXCTtza2Vq9f3zvVW1u0t9eWM5bbBUrKFD2lQNPfypVho3DyLdoKU8tYQBEpBUQBJEwBrMmuZuds6u1TLcCSovsSM+fdWc5EWYh5p+FljyeoK4bJeiraD8Ko1+kV+r50qkFXk0+NT84ZTy7mui0fN2SajTIK1gtV5bC+Kclm+JtFic7kxlCwdBIO4rS7aXbOdSsArBKVAcoMExJMSNCR4aa1pOFQpNeqTEFpp5SHHXHHEtNSNStw3bzWQs25EahZN7ggbuercgloBawCoJOgKUgqXrPJAUR7wKbJAJAJgcz5e+renJ9epPD4UPJeUK7mOrZhqlNy5U3qI5laLKoVDnKK63VnZeaqrlynMsNw4ZhPMJkTKqvyhBp9Lqq5LjDVI4+6TeFOi7CLDiDip+4btsTKv7HYtEIcu7m5t/bUhbSwQlACSSoahIPOKksKwW+xx3qbFvOM4Tmg6AGVEkCOyCdeZHjV+6KH1M08S1NmWxAp8OQqOr9CpyBTYdOBQEpQ3q6mFHZfdQ02ZQiROsATFjob+O/S7x230pcb45xl1TgtVrS1Z2t267DTfWBAWhhRCCSk6gpOUkqGoBHpnh3BmsCw5m1CAp91ErcWgSkpGZSQIA3Gh0MTuDFbCiKKEbFRI7So9u/ZYjwI9e22OSvn9mQgJaEj7IdWoe4KTBiIEGdB7zS10DnkkETEZUgabToZ/XhTNWjdlw96ye3uPfc+83xFutNJQpeVSnSI61bilKynUiDO5AM99P7PTTuTOw5x3eXwqvFbTqqDu9rBI5c73V39hJHhin3P2y/E+pqxtdge78gfnVP6B/aCo/889/mJxo6ZxjEnf4hdKajllUVAnvmBprHu01cpJFuyRGhB192YjnVt8m7Bo96Ep8Cm/vxd8I7Mefwioy7WVSIEEHv5ad9WWoHoN/uJx0fBdm/L+kVWbz+Pz+VbAaSShBIITb0rbdvby57Y6bh+lsr35h8UxI9/d76rb+rkf5jPfyprr1PaqVNkQ1HT1oQppzUoFqS2rXGdK0WcSlt2xc6ooWplTyAodYq9r4Q4ne4KxrDcctsqU2LyjdqJXLlq+lTV0o5FIlxDLi1NcgsJzJUmUlhiGGoxSyfslqILqQoODKFBTRDgAJSR7RQEnTYkAgwapVxayQ3mKE5Akx/I50eO48PMcW6pS2itbCFFLrBU2GnShpxC23UpLzSA0EhX1W4fx3DuK+HcH4iwe5TdYViNsk261KCrpC0pBdS/lhKRmkJGRPPUkV59vWH7DEHbW6bLa0KUGgBCVJG8zJBA2jSdSNYrmPmmhVPLU51D6nWJHWqEJLylsMvSEBRKFqcS+HGdKHXgsMOoLSOt0tBAcTJqTlSSnRZEIX/ABNK5ON8gsCQCZEE6VqlWYgKAUj+Ns9l1HNtY3KSYJggyka1AZ1IzVlziMvpDcCHhEz+2h2RxVyRCYX1efad1TD9RzZTaTHV/Xa3GhsRZedqDGVFm5lS21xAoCFZsdr8yr8p474bxdOTiLg/qUY7b63Nk+V/V8VaSFOulSWlNvKvSW09WUuhsJz5m1GCOi8HcQWYSrhzHm1XFjfqLOH3J1OFPr0bBUqUIsEpKy5Ketz9XDoAUFdqui10scqcVqHQ0tS00uuyo7Ti6K7JZdRJUptDiZFDno0xKtGcQFLQ1FV5cgEodhoQhh6XGcA9NPDnGxXhjiRgXEuGunDsVwrG7tmxuDdIUEKew5h9KHMQbUoAItW3A8pKusDuVtQO3FHR3jnDDrj7DQx7CFoNwjEMHIcYQFahtSv2n7QJJKuUJMDeui1HzAzLSAFkhSApIJCrpIvqQqydaCASFhIBTYjnjtHstqDTqbgOZQ51r1uuyC0q2CbZ3rXAI1DnXqSrkkVQ0qbdbDra8oKihVu4CLlpQ3Lg0GXSBCQZqXolNLQlSVJUTfkQeVu6/f8AywEo/gJPfJB+QopTcHkQca0Vl0j0ifVbBRSR2UhCfEA23IB7bWG9jcYKKjFVrceOg3c3CSQLp5JJuey5F97YRfeSwjOpTYExCXC7dH7lg2jrltzp1wcSjNKMspJKL1y3agLdbecQo5QGBK8x20IIj9SKp1xr440vLSm6NCROreZqotMGg5WoTK6jmCs1Kal5EGJFp0YOvjr1oUULebbTLUgw6f5ZUnY0J+n8R8cYFw85ZWdw+5c43iOUYbw9aNddjF+FKUlK2LVpxwoaK0rS868UC1SnrnErQYFow3hrEcQaVdONHDsMQ117+NX5DVhZNd7qSEuXLoiSwwtLkFKtQoTzt4l5rnZVGYEVepxJ/EbNEQ0rN8imSROouR6Cmb5e3w1yzVbrj1eQ9MhUyVxEzbCa8hzDV6RTqLQVKy9SEVWu2fCGcQDaL7FEWzN3cIDgsbZan2bJpQlFs7dk9Xe3TZzdddWwZtyohpDQU04pcFf9QCLe1dNxaplTV6ICL4FWUXTDZGdm3cCf2TT2Z5MKLhkpSmprDFVzRVkwKYlMh55K1rU55M0E+cVOElb7ZWE82wUpTYJb1JJ1CWUM6io6TyG3lM6foQBTLyAgAae6rr8M+EVGy/T2V1ZIkSX46wGWFNKXqWyhDiQtljWGQ62XHnHXnFALsjShSGQslLCGw4ouOpRIeaZKQ6hRJLYlQUkZxBEp1nlFakKEqL9shP8AgXm6wR3kKgTuPZ2I99ap428Jm4MuVXaGhamm0qckx2kO6W0Fpx8uKKAUpKUrSjrQgagttkNo0KUEnGVoWQ8w9bL0V1L2XrEoUApsqgAe22UrBAAhQrUr1OUpWOSkzB941PP/AL1orLFeRTJgbkxW5DbkYxpdNmsmRHmwpbZQ/FnRH0aJUCZHeWxJacbWiVGdXHdbUy75+VFK0KaU2gtrt127qIOV0LzDOvXVwAwCIGg03nZClpdZuG3FNLZIIyQAogz7Ugk7ciPWnng/xEzH0L83QocIT8ydGXO1WkKyx565VZ4a1mWlU+dlEOylqU4xDUqVNpkWqzUDNVPVKqNGmxsyUjNtKneeuIMWxHofxBvFL61ucW4BxG5Nsu7swp24wW4cVo1clP7JDDRPtDqs0HtV1nCbPDOkLDVW7FwzhfEWFNhpNtdFKFYy8gH9pbSAVBwkAa6ToeVd/uFHF/L2eaHCrGXqvFqlPkBtAkxX0LCHy2ytcWQwSl+HOYDqA/CktNymVKIeYY/R9b13h/iPB+JbZt/h3ErLHWltpWpzDnRksAUz1d6lSlqDjc5XMuQSDAGwoGKYViuDXn9n4zh11hd4VqQp26QfqocBIJBACsk7HONOZkVYGHUmXxfULFN0qJsFA2tvvcnn697csT8EaKKVKGhKOySNCUyScpO2p0pgpJQooUtDhQSkrbnq1lJgqRJJyKiUySYI1pzS4Fb3FrXBv+ew4KxRmCisJA5kD24KKRuzWWkklQJHZqG3fftHq8dsB0BPdRUNrGYGWmlqW4kAblV7JSBvubkC21x6xa+wwlmUrSUpnTMqcqZ0lWuw3PurIGYhOZKZIGZXZTJjMqNco3PuBqo/G3jXQ8kZdqtVqlRZiQ4aClx955tAW68ohlhppQMiTKe6paWIsVl998pWW2yGnCITFccwjAre4f4hxSx4etmWHXU32KORaXQbQVlDASpCypYBCAVGSZ2qQwrCMVxu9+oYNZO376VpSq6aQr6k3JjrFqMHq09tRzg5EnYxXGafm2q9IGsOZ+zzBVE4B5bqjv3LlSotxVu8bc3UiUhMKnVeFJVIiyeHWWqkhqZnOAx94M1h3yfJshD02TXalw65nwzi970rXq8et7O6wjgDC7tFpb/Xkqbv+Ib1KiEuW4UAwvB31D28rPW9WoBLwPtC+Yph9lwJh4bcU3d45fNrZdC1IW1ZuLSEhTCW8rgcCiCjrFrSAFKVJASqHZnfmZuzDVatUp8+TVqjUDPqj8iW89ImzKlIenSJcjYqLkl8rCpBc614Ke60vOLccV29tpLTbbLZKWWvs2hGRMbBOkiPE1ysrX1j7y1FxTwiFxlQCf4AIgDZMzA0FXH4KcLERY4zBU0BLbcYOMpccdSEEAOlYfkQ1NhshSUArbPVNodcJULBty0HC62GwpSi4gFKYzFvMOtAnT7LPvpG+lNnHghC1KnKEmcva10ETImSOVWvym7TZUSZPp0qLPZeqlVp65kN7rWm5GXarNy9UYDhSVpizoFXptRjVemKW45Sa0ioUtcqWqD1q/lL9MLjd7HulS54atOvbwbhlhDmGKSQUMXTgDdwVBWZqFoWtAytpMKn3j0P0W4a1Z8PJv0hwu3yzq9llsA5v2YACgYEEKzRr3itk09QDgIIO4tve+3t3x5HfGYdYrVegJEDNPNQAifAD8K6UmZJUStRSfaUZI0O3dO3hU4iklvcWNwLfAe/nhg92D4ioq77X8x9KaK1+oc/eP8ACcMXEhSCDMRy/Rp5aHXxQPz+VV2rn+8HfUB81H64p9y2nrl6n8OevdVlb7CfCqhUD+0FR/557/MTho7piWJnuvj/AFLpcfuzXl6Kq3WTEhTaSb+ahBFu+wG/vxc8HcVCdB7RAO+xAnn8PnUXd6K/lP461ZOgeg3+4nHTcF2b8v6RVbvP4/P5VsJlZLSG9tNufbzKu+3P1csdNw/W2PuPoAfWq27o6T3q+QFAeHmrA322vv3Hsxre9UWCl0KKFrbRlSYzKWsJSlWh9gkgLHNMgEEzWQtLZClFQSCJy76nbY6d+m1abz1Q3ZCfLoqEpfbIckpSj9I+hsJQHG1I88LQz5rqVJIfbQ2gpUphnT276N/Tc3wLxA/wDxdcts4Tjd2i3wy4/aBnCH3SBbOrUt5SEWYcIFwnKlSkmELRrVU414YOK239q4ekLuLcJKwADman9oUgJClKyj2TOhmRE1VLPPDyJmwF+G03qUJHVvtgSGv0UJ8Oai240GzdKWAVdWXUhYUgugqT9M1WwQy4pT7NwoKZy/VlBSA04hSm7gqlQU3dJ9u3ggpSFBRUduJIcDnWKbQtoMr6pxDwhRXJ1AhJgRtB3BnvormrJVayZU3ZzIlwnoZS4zLipca0rZeQptA1h5LICQoOOuLe6pta222QHSgtsiYOgzx+zcPbYXydaMhIcAlIKkrTlUoZZMjJzuAoDi2wR7RbIBUnmkkhUA76QZG9OOWmaNVau7WHPu7IecpzsZ2RMZTJk5IzJKlmW4/LzDSIKJrlHrU9EanKdrWX4s1FSlR3KpUMsSswVSp1yZ5+6W/o88O9Jp/tOyjCOKWEldtf2zotFXFwlCghxa2kBwXOZWbrWnGjAUOddQ4M6ScT4VbasH23L/AG1ZrmzOZwJQTBcUVqV7MEp0A7Qq92QON/EHJUaE3mJx1FPdWyxFmVVxivUKa+5cIjU7NFNfcYefVc/wBSFZVJiqADtPa8xnHkS/41+ld0AKVh2Nqc404RsnClljH7e8vmbZlvUuWmLWzqLu0dU2OrLl8q/t8miLdK/brr5wjon6SEf2jh181gN0pAKre3cZYWp1Qgh4OsuZk5iTCchzScxGlXEyv0ios1DaJFMeKwpKFmDJblFsr3SHGn/JFILg3QkOPBVidYA3suBf7QfhNSEI4n6PuJMIXo25fYbiWFYth5cTPWqSm8dwe6hEpIRbtXjkGFpT7JXUMU6EsUtlF3DMSw7ELZclvrLsW60JTqFKWll5LmYHUBLZTAicwjaMTjZlx4XWqpMDa4ciFRN72ALC3kDkeajfsGxx1fD/pwfR1vmQtfGuIWr4CS9aO8HcUrcYKgYSp5jDHbZ0yCJYedSIMnUE1F7ou4uYVCrS1cSZym1vBdaDcrhlrJuI3za7Rqa7xly/a6JEtxQ/YTDkhW/P8AWttIFvWsX8MK3f02fo9WzRda41duVJBP1dfDfE1ncO9wt0v4T1bkbKKnEBJKAJkwknox4ucUkJtENp/iLh32iDmAjed6hVa44RG0uCBAkOq5IXMkx4ja1H9kJaVOcKjyCSi5O24xz3E/9oD0dLCmeD+DOOOLcQUSyxZMYe3apeeUYQ4lSVXV+pnbN1eFujvcQfZE5b9EWNgpdxC7tLS0SJecUsBSRuSCSQBHeD7q0Pn7OmeqjAfl1+vU7hrlt1KyuoVIv02c/HKG9aqXStEjM1VW6CgMPUaPCiPKUgTZ0dgpKXvDuOfSw6bblDVm5h/QtwndiX78Ya63jirRUKNs5fYoHChxbagkluytgDqEJUSTIqR0ccFJLgv1cS4sUlSGSth7Dmjt1bzSGkO9YFIJJD6fZKQEkjMqlWbOK+Wcms1KNw6ROTWam07ErPEGuri/0qq8WWz/AF6DR2mVvsZVo84As1KPAnVCr1ZlDMSt5irMRiExG9RdG/RFwX0aKubnDMPcxTiG9Uf7e4kxi9vMTv8AF7gtpDrjFy+/msbRapUGcNFklRUpLoWnQ8zx7jLEeJj1FwllnCbd1a7XB7dLrWHs3JACr0NFwuOXC0dW2rrXHGChpADIJUTV6HGrec6kIrAKm3XBpe06A2yohCFKZ1gMpQdLbaG22mylI0grWSepqUVKJgJGyUIAS22nk22hIAQgawkcySSVEk1RaoUSEpBV7SoEBSts2UHKnQAQgJTpOWSSbZUvLOUuB2UKrnTOtYpVBg0qjvV2u1yoSW41PodPp0cy5c+oVF51yNHp7bJbfcukPLB0MpdWtIO/VKCW0Nj63c32cWrTKggWAZ0dfxEqzBTKu2gJLJCf4lVshxskIKXFuqMJS3GpO2hBPPv9RXA3iXxV4w/aG8UYHEVdezhw56IPD6vpqnBXJ9GqdYybmfjJW6ZrZb4rZvkUmoxqvCy1JfckP5NpyZMCQ5RZSEMJaUufV6t4u+kb9Iyw4PtLzhDgrELO64hLzKMUxFnM4Le5bSAtq3yupCVM6NqzFzKtJUCFQE9q6O+jJGOITieN2q27N0r6oCEOq6pakSvOlScpKdDlBKdvf2j6MPGxOeKdG4VcUnxJzdFgLgUCrzXVNozvRozFmY8x1bjIczVTIjS2qinU9MzFBZOYEtGS1XkQ7h9Hfp+s+kWxGB8Wuvv8XYZaBNwhlxLb2KMSeoxK0U8HQ6i1YLNs9ZJBfccZccQ4lKglMT0l8Ar4aulYlYW7isHulIFs22ApbQbbQh0uZUhIBcS4qY2IidZFxS4RSsvyXKzSmHVUpzrJaSgKebZutYUlTqElxTanN0LeQkqSkaiHg4hPpwpUgwspJ3BTsUq9pEiSUqyFOdJMoXmSdQa5PmjRI05AzOvI7bH0rTOUs7qYmVug1KlmoZckiPT69RK7EdeoGYYrrjclDDjDzqFzWkSliVGksJadpdQS1Npj0SpQ48plpe2NpiNld4ZesNXGGX7Sm7vD3UBds+4vQ3KkqzKFxrotC0pnXJTq1uHbW8tsRZUU3tplNrcAqStjLqnJlKR7PLOFfDStx8N2ajkie7X+DGZZr0VK0mo5MnzWlZgiNdYlLcRhU1L1MzzS0BammPvJs5giBTbKYFUdL1RV4p426DuP+jm9ueK+g3FrkWjj7t3iXDineus3nHFFxxlxhlLDpAKikpS8mu/cP9IuA8VWo4e6SbcJffQlq1xh1KQ46kpgPqcUFpzOAhZICQSdtqv9w56XHlCRT80U91ubEcSxUTHColSivC6SmbR6muO9FcSAFOhc4vKGpxMW5Daa3w59NF7h+7OCdMXAeLcL3Noo2asRwdh29sXnLc9S48ti6UzetBxaSvq2W7sN9kPOgBanGJ9B6b1hV9wPjFti9mgKJt1OtrfSkGUpR1Yb2TAAKSeXKTa2h8csoVJtI+/GopNgROQ7CSCq3N2aIzV/Ulakkb6+zHozhv6R3QxxS0DhHHmFu3KwFC2vkLwhTeYZurWbxROduciyUplQMpSdBy2+6PeMcLKzeYQ+tAUcoYSc0SQAZCte8x5Cpw3xIoDwu1Wqe6Nv1dQhr5i9/NeV2D1j19/U7PirhW9A6ribA0ykGVYjaECRpB64AjuOxj31WrjDMbZJCcAxKRyKTprGv7PwpFL4oZfigqfrlMQP2S5PitC/aCXH7G1xex23O9wMI3fFvDFjmL/E2BKAEjJf2vdO/XnT3nbesMYbjbsFWA4kPcE/h9mfcPOfDWtf435biNrWzNVMKbEJgNvSmzsSQZTCHYoKbb6nQOZNgDbl/Ef0juhzhdknGePMJtrlIUSzZA4uV5ROVH1VxPtEAgSTJNWvDOjvi/GADaYQ+2DH2wIJnaNEgydB79N9qecT+k9Ukh+LQowbkvvCPELxTMqDj76w2yxEpsJaw5JfXZphKZ0lS3SkKhG2/njHvpnN8QPIwnor4KxXF1XhFu1iuOsO2nWqfIaQqywRgm6uWMygTcqvWEoSSsoIEHqOC9Bi7S3GIcd4tbYLZEZhb9a2h5QGpQ51gckKGiglIMHQ1QXiRDXVakcxcbavMmOxVluncNY05UXMj77iHVsx8yyKeluNw8o69DSZFHpLMLOsxaHociBlhyS3mmHa+BehTjvj+9RxR0z4k+vCEOt3Fnwq+6pvDSppSXE2/wBXVmfKXI6opNwVEEiRuNOJOkbhzhSyVw30cWTL9wG1NXmJtoCh1KklK3QtBQCUplUkREETtWsp2Y6tnipNMLQ1TY1PpsWlUij02O1TqVQKdFCW6bRKTQ4zohwqYhgrbiU9ooSwhzX1kgrC8eyrS2t7K3tLK2ZbasbFpNvZWSEhFtaNpASjqUICSFIEZVLUsgiTNeeru7ub66evbx925edCjDyytKCoboB9oEHUEqVrrvrW/wDhXwpmSpYzBUkT2ojYWGGXmkBbzaUtNdWgKCVeTsuTGn3NKyptCNRW8gFAkEBBUA44lpBMFxU5U90xrqYHiaaJUVHKYAOmunI89df9KteYaa9AnZVYlTqCh6my4YqdHdhqqdIcmRZMdFSpv3lDq9Lcnx1JYkw4tRhVOmFTSGqpTJ8OQ9Cd84fSI6c2Oh7BLeyw9y2d42xkKZsMMdCnjhzZ1VfXqGXWl9QtgOJbAW2Q6ttRJAKVXvgjg97iG4NzcNON2FqSq4zAAuoKVJAbKkkGVqSZIOgMa1s+g0mFQKRCotNaSxT6bFaiRGkhCQGkKUslRbShLrrrrrjz7ygXX31LfeWt5bi1fJLGMbxTH8axHHMTu3bi8xVzPcJUZaTK8+VoKzLSkK2zOKivRFpaM2Nla2FukoYtCotxGZWZJTDkAJIAOmVKeXnNKf8ArG/3k/w4jHuwfEU6G/kr0NbCjbJv+78sR73YPiKirvtfzH0pnrP6hz976W+e2Gatj4H0p5Z6EDuSPSq81pIVPdJvft96re8WPjfkcVC6+2X5elWVvsJ8Kp/QP7QVH/nnv8xOGTmuJ4mO+/P9S6XH7s15eiqt5kvZkEc9LYI9Vk7/AM+WLphCEgJ30217hI+Xw8airokqP3T8x8hVkaD6KR2BKQPWNsdLwbZvw1+FVy8/j8/lWw46UlsEmygBpFxvc2O3M7Enbux03D/3ZXif6RVbf+1H39fwrxz9r2fTCj4lskAEpKVgKEiUkEGNNiAdxWRE6gEc5E1Gakwl1O972uN7Dbfc+0X9nYccu4jtf2rz6lFLl080068ZztoUqD1KkkKbVomFScpAOo3mLEhpGQJCm1qAUlQzAJVOYQeUExoQPhWlaxQPu+RLmUxhFpTgelRy49HAeSolxxkoQ63qfuovBTISsqI63lb119HP6Uj2CrY6POktbjNnbLTZYHxbcqKW1sFSEW6cculKUHW2Ekhl8JaS0AUnNmBqhcadHqrwLxTBQlpxA61+2TBbWiCVlKAJzkgZTJIkjLrWpM2Zeo2Z2JsapU8sKRqXDkmKFvNySy4tC1IR1S5KjIL8lm4UsKLaEa0pfbR9LmFW91bsXdjcNX+H3DKXGMTYcT9WvM4CkuWME9fbhJ1eByhUCDOnDCXEOONuMO27jSihSHRqSDuAQND+oqmud+D1ThibIosNaI7elS0tpOptIYfkKQyGA/KecKkKKHCz1hQ9HbWrrHrubEJTBypKhGVShJQrX20a6KjSYIgkRrSiFuSQlxSARC0pgBaZHsLBBlPMjTYa1FcuV3iBk2TITTqlPpSHWCmoR48pxLM2MGy0WKpDUwz5W0samnYz0ZxhxJDXkoQpwY1W6+4Clx9TyCClbdw1bXLbiT/C43csOtqTv7JTE671tAQpK2B9VWkyVWxLRUf8+pBAOuw13mtmUXjpHZW2K1kWhyG2SpDjlGFVyY4pLh1SHlw8oVTL9MflAhJTKnU6WW7nU42hVl8v4k6GOivi5xb+P8C8PXtwvNL6LFFosFYAUpKLM27KVKgSQ1JgVZrDjDibDABZYxdsAQCMyHAoJ2BDqFiBJ7ITvrNbMofSNygl9CZFLzS2huylMR8y0xbbm10tOPS8qOzQhVwSpTqdItY+dvyC++hZ9H2/eLzvDN7aqJUctjijtug5omUlKtBAjXTXarEelrjVKUpXfsPgbF21bkRGstluZG8z6zKnelFlGDHLkbJKpjwW51a6rmGoyGHEJccSkLapZpGl5TaEkgDRqWgtlQNgYd9Cv6PGHvpuE8JXd+4ggoF9jWIqQiOQatX7ZtYUYJ61LhlICSkFQUk70qcYXKVJN4y2IiWmMitZ55zty0rXFU6XOcHw4jLkSm5U16kldFpUaJUGdJN20VqQmRW1aU2Uorntgj9JdRBTjtXDPRP0bcHqQ7w3wXw/hd03lyX7Fg2cRbygABrEHM960nSSlt9KVH2lAq1qq3/EWP4kr/e8ZxFxuCCx9YIYUCZ1bgz3DUQNqrNmPOOc8zzH3HjWKuqY+67KmOvSpS9i86p1x119lt1xK0OIfc69Uuy21O3Qnrm+iKUpxPVvrXcNafsn1qcRI2JJOckaRKzoAOVQ4DQJUlhpKjqohJlR/wASiVGVRpOmlSbJ3CPM+Y5DDlTD7DBUp90yVPOJaYQp0qWp5k21qQ3ZsKdeSlSSHd1NJd1AAAA0SNEp5JTySnuSOQM+NauOEkQlCYTEJTA3Ou+/6irOiXkDgtlSpZhrdRpNDolDjNTq1mmth+JDgtqeaaQXNDJnJlKmSo8GmUyO2/WKhUno1NjU6VMktwXtX37W1tLm7vrpjDbO0aU89fXTqUtKCQVFpCFQStIEkgntDQxFaIQt51tpkLu7l5QbRZMtnrdZhwrAIyqMgCDqN65ZcbpmcemxXY1PzxTKjlbo20KrtVmhcJKswuDmLi/OgJY+7cz8Z4baVGHlmNITGq2WuEjykyX3GxP4iOMyYCsjp+fvTp9LFt20xXhDovDrT7iAxiPFaTIUIUl1qyUFI6pTUZSqVZiZ05ei+j7ondzW+K8R2j1stP7Zq2UsCETmbKwUKBCwdRoDJreFB4VJLLSUx9DaWm0DS3oACEaL2SgBAOm5SgIbFylCUIskfOu5vWnbhx525N2+4rrHrlwqWp19YCnVkk6krKpOus6wYrvjj3V5WmW2mGW0pQhtlHVoASAAYnUqjMo6SokxSGuZAk0t5mVCVIiTIciPNhTYbj8aZEnQH25UCZElsKbcjTIkptuRFmIUVxn0IeCV9WGzK4LxJivDeMYVxDg+KXNjeWNwm4t37ZzI7butqy50K96U5VIUFIyz7Os0jcWlviNo/bXrabhm6SUKQ4AoNAApliZ6sntE6+0SfdV1+DvGyBnmBHyZn1mIxniPGDDTxYZp9Nz5Fih1b8yE1HUY0GvIjXmVyhpDLKQHZuX2ZFOFQjZe+uHQT9IPhnpKwVvD8Zv7fB+MbJLbC8Pcgf8AtChaiTi2GhSyS6pSstxZBSldYlx4FKFBCfJfSF0fXXC12q6sLe4usJuXCu3AIcdZQQM4dWlImHM5HsphMbwTTTxL4EsVF2RUcrR2WE9S4tdPSppxalIcBUpLJY6xVnAhJZTJdWHtClMB26j6dcZDa1IJSSnmlWdOoBEKEA6HXTQyOVcyUogkAFIGkEajxkb/AA8KqnLi5iyhLWhxmoQntaSFKRIaW2rQtRUgONaWnA0kh0KCbJW6ySFIUlaCCWFlTBLJJJWGzAcJOpcBkKJOp2E8q3KetA68l8ADIHjmDQjRLcZcqU6ZRrECtn0LjE7Och0/ONLp+bWYcfqo7tYYkfesRhOmzEHMLDkOuU+OQUqLUOcylwttFxpWnFP4v4D4S49tTacXYFh2NtEEJVdWrAuWxsA1eNNt3bQSICcjyYAHdU9hPEmOYG627hOJXVl1YADbLq0tKCQAM6J9o6byK3DQs6ZCUhxyFmLOmVy4FKYivopWbqdGIFkNMtzXaBWFo1W3k5gmvE8lBV048i8YfQU6JsafU/hV5jWBrKlqS3eoduLRAUc3Vs9U2y6ppPZbUt5aykAqWoyVdOw7p04mtoGMWLd4hIAC+pMqCf4iStWqtFE/5qncXNlOkJS5H4jZakjq0rSK1l7MdMmkqRdSVR6dFzc2FosVFDEh3WkpCSSlWnkl5/s7cVQVKw/pBwRtsyWwbC3Css+zmlGaY0Mkqnck1Zbfp8wN7S84ccEEyW0JTKu8eyr36HvHfTkjO1NT12viLkppLbbTmil0/N05fn3JaSqp0KhMLc9FQ/rKWwlaAtxK7tpY2n+zs4hcM3vH2BLT/EThD05f4iJtIJgxIg+G5VT098ONyEcOvdw2nf7oPx9a1NmPi5khLL4fzRnDMQ1jS3TaZScmBDaVq0tPSJE3OshbTydIAbjQJKAletxJcQEdZ4S+gR0YYM8l/FeI8SxlxJSqMNtHGWiQQQFC4RdQFEamRAJ7qr+J9PfEHZwGwatEH2cymZICjGbRaQCkGdB3a1oCu8ZavJUE5JoTGT2FtrT5dSW5c+vPknSqDNzXWZU/MDjcnq0rkxor8elOhYbRAaRZvHrvgroy4J6PWFNcJYFZ4W86Iub8MtXN/c6Qc9xdIeLQPNNqm3SJ0ArlmN8VY/xC8p7F8TubwLEFlxxfUDQj2W500J51AaVkzMOYpAU6OsblzHpUktBwyWg444esWosLfd6tamAjRZ50NEKdX1bgVe8hWQHlrfSCMiXiFJbM6FAASEkaFJgwQDVcCeqBLBLBIOctEpLg5pcJzEpVqFARIO9Wx4fcGqPRIUSo1UqcsgPOMLQWuplIZSgpFpKGn7FIQspcShxaCppa9RAWDCSQEyFEwmSTry08a06yNVCU8wN47ge/u763POrUSLGYi0ts9YspSw0631SVx2tIcLkNQaQqNElsqSl51DIfkobTCaedTJW1xDpv6aOGeiDB3TiF3aL4nu7ZacP4aWRcvtLIHVX1zkUkqt/4+qhJ21G1XfgXgLFeNb4AMu2uGNOp691QLa3GgSVBpxQygmBBg6aEb1MMnw1tDr3FKdffHWPOuKK3XFqJPnKO5tewF/NSlKQAkAY+QHGvF2LcacVYhxTj92rEbzFh1Vq6sqUbZgKzpZQFKV1aEpSAB3CJk16oXhVng2HW+HWqUoNskJWW4BcyiJeIEL27kwrXlps5sHQkWN7crb+7FaTuPEetRtSGm2LrdztqHwSfrjZ7sHxFZG/kr0NbCj+j4J/hF/jiPe7B8RUTdEk66HMaZ6z+pWOzUkn26wLe7fDNWx8D6U9tNx3wR5Db41XetqIqD1rbhPwBHyAxULr7Zfl6VZW+wnwqoFA/tBUf+ee/zE4Yu6Ylih//ALx9V0uP3Zry9FVbrJevQkAXBQLntsFWT2i102PL8MXPBlkpRMSSNvenX9cqi7rtR7jv79fnVlKCCEIB2OhPxscdNwbZvy/pqt3n8fn8q2IwhPUoXve3h6RHyx07D/3Y+fpVaeP7YjuUPxiguA+cbbW+lsLKMA/r3VkaEHuphlJ1WBvbTcW23Gr3/HfFUxhpKmXyG0qKpScyQqApRBKQdEqH8KhqkkkGal2FFKJETIGuv8P/AG+PvqLVGMHW1AIuefdfY8zsTe57d+XbjkGJ2ErQw6XnrZa+peYdcUtlbK5JS6kmCgKSkwSIIGsJ1nLJ4oKSokgwCk6gT36REyDI5DSaq/xfZ4h5dEfNHDvLM3OclLK4lQyrDcy7EccS01KkInCVW6xQ1oXNP/lSXoT9UdhuvRHnqM/C8slR/af0UvpJcPdHODYrwb0m8RXDVlZXCrvA7vElXd0xa2DcNjCcPS1ncYbc6wOhKfZAY1nSuadIHAt9jF2jEsHZaW4spbWy0A2AkglSykCCoKCQTHMxzpDDnV5unRKpXMuz8tSKlBhTpdAqzlJqb9BlKjOPP0l+q0GdUaOuUxMkOtOvMVV9mUpq0d/QtrV7Y4E+kv0M9JF1dWPD/GmBN3iH+rZt8QeucPVBUEAspu0oN66VKAFsytLpSVLBCWzPK8Q4I4lwplFxe2imWlr6sKQguFSspVBEaAhJMjw0pPKy3l6vudVMitxWnIjTKkJiJEZ8OMIWl5UmQyt/UFa2UOlbKCUaVB9aOuPdiyhpoA3BuFuJzs3aUIYtngdkssKUt6dQc63SkjZM1WXJbUWyXM4nNnbyRqRppBnu30rWkng3liS5JRBcSErWGUu62QVNqS6pLa1POBPopOtaLBRSkAJSUkYQUKSElBDiZzkkwoHaBt3zHM91J51d/wCAqHReACFznXokoKioceStp0rjylpUsrbWkPOwloUI9lhmQ2XRdAX1WrzhTKFxIOncSP1/3rBUTvr3e74fOpYx0cGJkdlyTPS2UrWEtrcaWpVglQbSovKIKEKAQFNtrBJWsLR6IlpCJgHXvJPzoBI2NL2uA+X6PJ8rmTC8w0AZKTGbUFgNkBSFOpaTdsAi6VBJKrFw6gMCyhKChKFF1RlKgSQANDI2P4esLtqQUKCvtP4fDwETB/WtTBvIdCy55S5T6TCdXGhpnIlK1NSmg408qS8tZZ6pHVNpbIWt0xpS1SHVuxkx0ImZWbQWy1OXBtOqSVu37xbFg1EEtPOKIyLA9owdEKSeeujSHHHksh9jrVkFu1EqvHUk5QploCFoJkBUdpJBmtR5x4y0uG2YOX0DPVWXZsoy+6mJl6N5zBKZ+cnm6hTnYq1syB1WWYOZ3WpDC0SKTEYWJCvPnSJ9JLo24Bs7pCsWseIMXZbUG8OwG9bedK0lSQ469cKFsmVAhTCVFxISDHtprpPDHRRxbxa+hu3w69wm0Sv9rf4rb9QVJASSGmVABTRChld3Kswn2RVcZ2Us0cSa7T8wZ+mpqcmlSDMy/RIsVVMynlWU408x5dQKGqVNUiuOxZMhErM1Un1fMqROqdLhVmHl6T9yt/NPpa+knxf0pNO2Lt65hGAJWepw6yCrR4hKlSq5fTlU6paSkKCSWTl9k6mvS/C3Rzw3waA60hnEcTQCHr55PWBK4EtoQsFKerIkETqqPDd+VuGUeKGldQgBKUBOlCAmyUBIATa6QlIACEgISAEtpS2lKU+b7m+U4wEodW22gTlaWpAUqfaW5HbWoglaiTJ1PKbI9cOKcUesWobDMZgajKI2SNgP4RAB0rdkDJ8dpkDQ0Lo/u2uRcna23d4bG+IRV4AowdBEZdNtPiTJPMyZG9NHXFqWSSJ02AGwHuqNV/JjD7a0hpJ807hKbDcd47b2tbfvthw1flIBCiZB0UQQJ7knSR607tXUEBCyTEzEAjn8NR4zWj6vw8YWVAx9usac1BRQtt2M4Ho77LjRQ4xJjvIQ/GlMqRJiyG2n4zrT7TTiJrCOIsQwW7tcSw27ctb+zuEXdldNqh+yeTHtWzgMshYELQn2VAmRrUuGLC7tbixuWW7i3uklLiXQFqSCIIaUdW/KJmRrW3sqcQ69TGHabmuRMqCFIUGMzMI/82jpbClJTV40NUdysIsEtNVCI2upAuJ8sg1CQhypn6OdCf03MMdNnwz0oMOs3iWm7a1xzD2UmxdIAT1+JrR7NstXacEjWTFed+O+g5SUXGL8H3H1lDa1uP4StRceBjMW0uL9rQ6SOUaaitjyoGVs0uB98wKpFkpUyioxdTzDbzXV3YWWlvpDjQcLU4SQy/GJBkNNuKW2n6DYDjODcV2LWLcNYvh+O2CmkPP3OF3LVxZWoWkKyXT2bO0UgwsASDt3V5wftr6zfeZxK1uMMWy6ptxp1lSg0pJIUjOR7WQiCSdfME69ndHSk1GapylSksBbbqHEqUm7TiVgpZSEEG6UpRrSpKFJ1KSpKSEa5cBCvaSULSdUraUVtqB2U2o6qQRqlR1KSCaQK/8ACvOn+FYAGZPJURpI1ioNWujtmWElzyJYkpKgWy2pSUoUNtNwklSLg3UbaipOnkcal64Oirq4cSnRKXHStISNAkAjQAQBHICt1PvKASpxRA0gnltHly/0EMDfCPO7Dn6aNK0g6Q6BIcbQQ31aSAEEBFioOOecFEDRyUMJgND/AMvbk7kqaSST3yRz5xFZL6zocv8AygT4xTojgfm6ShSjFfSpelSlForKWwpThCi3ouSUpCShC9LaVqNiAFZKWD/5W3HghQ/64pPOr05Dl+vypGx0bcwvKkuvR1FtsIUhxxJKVvuLCA2UjrTrClJSlfVuNI1K1lIKSXAU4mQ2860DulpXVgiIghIEgj/SsZ1//EWNI0UeX617+dTih8HqDRIrb9XZWJTAWXoaQJSUlptAk6Q2hxp1Ed7U05psX3NamiGi2caZAdhry335c62ClkgDUkgAaankPOpK1Ucn0VK2GxEo8GIw8qoVCsJcRDhw2YzKX58pchMaE3CiEttTZSnmI8dxxgPvMuPthW6W30pUo2SHEoBUpSbtKbjKkSepYJHWukfZtxClQk70m6VJWlDz67ZSjAbTb9ckkkAArAVlBOhPLU8oqK0jP8TMwkR8qv0+QITzQnTJEd0IcZmpdVT5cOlvNxvvaJOZaktuT5Jbo/lLZMFqvw0PvI86/SQ6YcW6H+Fbb+x8Ps1cQ4sootLjFHkIesm3Uwh8YaSW31sk5g2tJCyADMwem9FXB9jxzjr5uHHW8EwxvPcoIU0q6ea1U0h6AUlcFMJ05xpWxMu0VanetkKU/IcWlxx9063XnOrQ0VuLNwtWhOlsaQ3GZ6uJDQxEjx2GfkFjnEGL8UY3ecQcQXruL4rfOKW7c3yi+WkqJUWrZKyQwyJhLaISkQBoK9hBrDsKw5vD8NZRbM2yAlnqx+1XAAHWuj2nDGpzGN/fG86NES02gaSmw9QtYeP/AGPjiKQ2lBWRJz8lGQnWfYB0T5ctKp90VBbhzKJcAKio5jqoHSdhpy5ae4SYBVwoD8gW78KJ3HiPWmNPlNSStBAuNY7vXf47Y2e7B8RWRv5K9DWwY/on/D8RfEe92D4ioq6IJkf4j6U01kHydZ7CtP8AEMM1bHwPpTu0Izfy+g1qulc/3i77B81YqF19svy9KszfYT4VUKgf2gqP/PPf5icMnB/7zxMH/wCfIP8AzLpdP7sz5eiqt5krZv8A/jR/pxdcIQkBMDaY1PJPjUVdbnwVVk6AbhGrsQkH1WGw28MdKwaYb8NPCPzmq5efx+fyrY7VvJ0W5W2/+49+OnYf+7Hz9DVZdnrjO+ZM+MCiXFGyhfa3zH44WX2T5eopRIBOvd+VNLyAdIUP2SOfZc9x9eIG+SDnSRIJEjzJ9aesqObLOkExA3AA8dhTJKQnUU280JsBc8rjtvf44o2KWyC26UJAU5+zVMqlCpUoCScpkA5kwoAaGpBp1YISDoSOQ/W1RmcwgiykJIPK9je/Lme7v5b8jvijXFkEONOJRC7cy2qCVbEe0dc4PMLzA6aaRVgsnFASFHYE6nmRPlEaDSmB+ntvEjTYBJGkKKRdQsUqSFAKSUkpsQUlNwdiRiBeaeStwoUWypfWnq/YHWbBYCMoBHemO+NDUl14iHUodQowUuoS4nSdkqBAPkDr75qEz8rwutUuK0qC+fNK4TpioHK949nISxdI81cVxNifNGpV+n8G9P3TDwIWmMB4uv12FtlLeFYi3a4lh6QDMIRiFvdC0zD2VPWwQ4UHKVEQBC4rwdwhjaEf2nYttqCipty3detlZ1JgyGVthwRrCyBInfeIScqvxHX3476lqdsdDzDS06kJUkFZZVHuiy1WQLC5u2polWr0rg3+0K46s0Ns8WcGcG3wQEpZu8E4gdt759Sftv7QtnLW6t2QE5CyLdtglRdCisBITTH+g/BbtZNjjLlqjcBSS7odhKy4dAN5OpM6bMdQZqsRC0waY0/cPKCX609AT1wCWm/0bNFqiGGFsgBaWLaSkFKNRVjoKP8AaMcOoab+t9HJLhBk2vGtlbyYE5xfYQoK12DQTGubdMNk/R2ceJ6vipKANs1s2ZmTP2au7bQ7b71HpOZ85Qm1tQstUxBUVkrk5on1BCzrsgutLo0FYs0UhfVuErWkhC47LaGik/8A7RzBepX/AGd0XC5XqCq643tnerOuXJ9QwltACtSetCiSE5QBmFOmfo3NhafrnGybdJPshNrbqzDmSVNgiNBA3nwNRirV7idPZaZE2h0+ykqVJotCSmbqbUFN6kZiq+YqW4lCg24LU5lZdbCirSQhPNMb/wBod0j3yXGeGODOBMAaWlSHLnHcTxXF8TStWqF4ezZs2lopkJ0WLlh5xTuiVBByVarD6PXBNmoO4lxY5iDiYKLVKFMB5OhIUtlTakmRyI91QqpZIqmZ3kO5pqtUzDpdZdQxV5QkU9LrWktuoorSG6LFeSoA64UBjTpSpCgu6sedOLPpBdKvHYeTj/GN2u3dKkqssItl4BYpSSVZSyy3bG7IzkfWHApRQEtFUIAHQ8M4P4H4ebjDeHMPZdSrOLu6C8QvFKCQnrGrm/XcP26CUyGWXENBZWsIC1qJk1P4cRG7qMdKVqIUoo0I1mwSNaraiLDTa9giyANO2ORO3oWs9alD4PtKRcNouG1OEmXS26Ftl46AulJcISkFRyiJV/FFuEIFw8G0JCUpDioABJygZtEaxlEAd01PaXkyPHQCWUjuACVA2A5nZQ3uORPr5WSXeqc0ccccAASnOpasiB2W25V+zbTrlbRlQmTAEmou5uFOqEFOXKJyIQiTrJVkABV/mMnbXQVNYlIbabAS0k2ta1hytcbm/fc7XHK98NVumClBhv8Aw66E6mCZO+u8e6o9SiCQDoPPl79acRH0JuWwANjuDzNuwnvw3yiZjXxP51qSSZNIpMNtxNtKbW5EX8N99/bbfsxsNNv1z9aUQkCFAe1368tBzj8KiU+gNOhVmkXtcp9x7/YduVu+4O4WsCAo1JMvoQlJKoXzJg6g6b6bfrU1DpmXW7n9Em4B23BvYjmDt3i3IgWtYY1WpS4GZSEjVSGlFpDp73kIKUvE8y6Fk7EkVK210lahJg7yiEFXvVljMfvSYO80yopMynSUTac89AkJIWX4q+rWsJQptKHk3LclnSopMaU2/GIUdTJuTi88F9JnHXR7ftYhwfxJiGCraibNhxLmEvZdhdYM+l3C7od4uLRwKHanWm+O4Bw7xKwGMZw21uUZcpKGxbOK7yt62LLq1HmpS1KJ1KidaWt52z1T9yil1dAWoNiW5JolQSpay47KlVaA3V4EhtQbabjRG8sMyP0jz0mfdCWXvb/An+0G4hswzZdJHCFhjDobbQ2/wcpOC4tdhKUpDysExBp3DnXXvtFJw1/DrIKVltbdlkIbTxTHPo7WD5W9g2OCxadWpxq3KQ8bdtZKkMy+XFK6tMIlRKjEqJOtPtL45BmP1eaKPmWkvMr/AE8hiFDzDSXVFBSW6QihVd3M8plpxRdRKn5ZpzziGhenIK+qx6f4b+m39H3iLIhfE1xwvcgAXDHGOA4vafVnwkdcw45YvBpS2XMzalNLW2pSSW1qRlJ5XfdB3SNYqX1WEsXzKVKDT4eKFPNgnI8UoICesSAsgCBmiBymFL468O1pSXavU2tStSmZ2Ss/QkIJUttSnk1DKMVaEuFolAWiwsSla0kFPVLf6QnQXiIH1fpQ4HZ0BzHiYAKHeEPYUtaJ5IUpREwVEgmqvc9HXGrRyjhHikKGislmwtBI3KCpskpJ7JJOmuszS2Z0kuG0RsLcrU9xKXUI6incP+IlYDzC1OMKJFOynOkIaaXs5ISy6GQpBc0pWhStrv6QHQZZdrpV4Ef/APt8U4ITHOEpvgpRGugSCdoBpIcBcYEgf+yPFMkge1ZsATtrCdBO/drUNq/SKyvLadkUWi53r7iAkteRUFihHSt1pRD8bPFTytKYClNJStxESQ6IolpQ0mWuE+1TMZ+lz0CYKlRHHSMTUEqKW7bAMW6x1QGjbZCsudZhKCQUyQVAgGbHZdCfSXfFI/sVi2BKQVLeOgMZlDMoj2RJII0gd9ajk53znW1vpRQcv5fbdQ40h1+oTc1LfYWpbDTiYiYGVYtHmJYQzLeQ6rNcNEpyRHQmW2GpZ898W/T4tVtqZ4D4RyOqSpP1viZ1y2u7ckEB5m1Qr6u661IcbadaU24tIStJQopPTMI+jzbNFH/tPxILVeZM2rKE/wC8aiWOtbSFt9Z9n1iFJUnNmSUkA1H67wzo/EekzKHxDhnOtIqcdiNKh5hW2uMkxX3JEaVT6fTWqdS8vVBmU6uQzUMtwaXOSstvLkqko1J8i8SfSA6U+MMbRit9xbiVubR9FzZ/UQxhaEvMuJcaJaw5m1bcAWlJyOIWggZVJIkV17C+COC+HbN+wawS3fTcMusKdulPXzyQ6goKku3TjzjagDIWlaVAiUkGTWw+G/CjK+QqWik5aprsSIhqMwp6dU6vXak8xDckPwosis1+dUqxIiwnZ89yFEfmriwVz5yojTJmSS5U+LeP+LuOrtm+4txm4xy6t2upYevktOFpEQMgDaUpWNwsDODqFUWGHYRgFm5h+EWbFlauvdctLaQpxbmYnV5eZ7KD/Dnynu5Vv2lU9DISABr2N9J25CwuLAXG57sVVt1ZWkFXPuT+VMbx9MkpPtctSfw25bHTnpqKmkUBsI32N7m3O4t3d9uz4YeoUStIJkE67VEOqKwSrfT1p3TskE/m52w6ypHL8T+dN6fqUQFISTuVGw357kfjjR7sHxFZG/kr0NT2PfTv3J92kW+GI97sHxFRN1E6bZj+taaK1q8nVb0dQ7vS1G3r529XfiPeUUtqIMHy9/fTyyyyf8QCu/vT5VXWui1Rd/dF/bqWPpim3K1dcvXn3DkT7qszfYT4VUDL/wDaGpf8+9/GjCL396Yr/wAer+pdLI/dWfBPoqre5L/VX/8A22x4nTbFwwdaiEa7kTttAn4jz7qjLvtfymrJ5fAIRftQkn22/ljp+DbN+78qrd5/H5/KtkNABhIHK3+rHTsP/dj5+hqsOaunxT6Ckzvb67W8OfyOFl9k+XqKWRufD5im54glJHcfniFugFLWCJET5iadM9seBpllgaie03/iGKveISQrTc6/E08BKTIMH9d9RuUSpQCtwL27OWw5erFYuWEqzBKddTzPM8ufv8+dTlotUDX+DuHePdTY4SlR07J5ePbz3xW7u0IJI5+48teWm+vy75FsBZIXqAJA212mRHfHnSR0NmynE3J7d/pbFbetl5zuBzGsH3EDRQ56yDO1OwmRAAIERIBjwzTrpvv302OttLudIIJNyb+u3PcbX5eOGS21WwlpKbVThOddolNqt0DYOrtw0t0JJJQHFKCSpRTBNO2zB0gQNISBp5DwiduVMj8FCgQQkq9gG2+3YPZ2bd2Gi1KmVLcdn/47rlxG3Z65TmSf4smXNpMwIkWbtxAIUqRplEJEbzy15d/5sMmlR1q2bSUk3N/Vy5nsue7nv6kFrcBBbdeY3kWz71sFbRnDDjYXHLNMSYiTLxu+iZKTtuhKiJ33Qe7zpA5RI5IFkcj+x37d/qwG5uCPbfecMQFuurecSO5DjqluNjvCFJBOpE1q5fJGiQgzqT1LYV5HJI8QRrQRSWWxZKEkc7hIHLssT/LCRK1GVuPOnkXnnXiB3JLq1lKeeVMJmTEkmmi3i5sTHMEzqd4nYRyEDeOdKG4KLXskEebyHLn2XB58zvjUgHcU2JKSQDA37+Q76UdUEWBse6wtYd1hYfXGMqe71rGdXf8AgPyoKlWGhB8/sHjc7nblfmcZAA2rBJJk0FerqTq9La/L+8LctuVsZrFJSAdjgrIURoDRamkqBAABPba+3vwVnMrv9KbZEFKlAAJNx3AG359eCl23FpAKVQd9h3n3U1v0ptwlISBZNrhJ5ja3Mdl97W998FSSL2EJClnMAAfYG/kKj0uhhWqyb2FvR5EE9xvtyv44ZKKw4o9Y6UZjLCnXFWy9f/EtVKNu5/O0ffNPG73KAUnUga5QZ09+n60qNS6Au5OgkqSEjbstuPS7NuwdmJHr3lpSFuLcSEgJQ4esaSkDRKGl5m0ISNEoQkISkBKQEgCnicRQIPWvAkAn9o8QDzgSQBOwSIHKNKZVZZdSAEpAv3ITfYBIseY2G++5uTckkvGlKbALaigkA+ySPwBge4DQcqcKxtxQCVXN0QNABcXEd2hDg8qTHK/WKKiEqVe5JbTcK7wdWx7iACDcgAk4lBerAANw8YHO4dPwlR/XhTY4g5Bi5u9tD9auI8ftKWR8sL1AKSAE7oAQkAHe5sLC29iORvvsMKJxF1BEXDpiO06te23aJ1Ed8++mir1RBBdeAgzDryfRfx8BoakEPLmkpHVhVhudI2sbkbEdnbhQ3KFu9coh147LeSl5U8oLoXEHYiCOUUzN2lKT7WYxILiQ6QQDEKczlJHfI5GZGkvhURCSgaRdIFkhIA5m24JGxvzv3bY2L7qykKVsREJSnn/lSPHx1qPVfqIPtEkggSEnXcbp7+f+tS+BBShJSUgHckWueQHPt5fhvhdLqypIKtCoA6DYnwqNccWoEqVJ01gD0FSGIylAVtcgHSbWtcW5WHvI7eeHzfbT40xdQlSSoiSNQZOh8Jj8KcWQAUBXIX7/AF25eu31w/RooH9bGmS+yfL1FOoF0gHu+HZy8MOQpRI15jkPypGnymIUHW7jkvfccrEDkfWMD3YPiKyN/JXoan7Ho+CP4BiPe7B8RURccvvGmesk+TrHYFju59n/AFW+u2I5/wCyV+u+n1mAFH7nqRPpVea3b7xe1c7Jtz5b35f8Wr6bWxTLn7ZfifU1ZW5yDw08P+81T6gW/pFUwOyoyB7nQB7gAPDCbv8AemKT/wDPmf8AmXNLpj6qzG0CPCFVbnJhNkJv5qm0kjbcpTqG/PaxOLvg6UhI0+77oEn1HptUVdElR+6fVQ+QqyuXyEpbJNgEJ/Dsx0jBdm/L+kVXLv8Aj/m+VbJb/UJPq/1Y6dh/7sfP0NVhzR0+KfQUndub+obey2/wJwsvsny9RSyNz4fMU2PW823Kxt7/AF4hrntr8D86dM9seBpnl3v4m/sv+NsVm72PiPU1INJClEESAknzkfnUdmJSCCBta558jv2+vFcdJClEGDB9TUiwopXAMDKRG/d3zTQ6fOsORAPie3vxBrUpayFGRB38aftrUCYMae7vFNzilFRBNwFG2w23t3YhH0pJkjmPSaeMrUSZUTAHrSBZIHqPPYf9+/liv3hJIBJgKMe6QPyp4hRM693u7+6kCnd7uDQTy7b9/K9reHPEc5y8/lS6famZMRGp99N6tO2rw5/TDdzl5/KlB7O0jwJpKsEm/YBv8cJ1gjNvrHeTQNJIO2298FZHs7SPAmiyCn0dha55c/HflbBRRZJPPBRQNKdWq3nDtufZyvbBRQHyQlIHJXP12Jt8hywUUkwUVmCiiFbqN+y4HsvgrMnvPxoNh3D3DBRJ7z8TQFNpINki558uX/e3LGhbQSSUiTqacJWqBryHId3hSR2EhwDYAj2cu69uz2nG+1BJO599JXKcNtgefK3q7yMb9Yv/ABGkesX/AIjRCaYhN9KLX57g8vao9+DrF/4jWetd/wAavjSlMBtJuAL+PLCw3HiPWsdYv/EaWpjIbvpSPOuCeexFu31E8h34cBShEE6GRrzrVSlZVa8jyHd4UvbZSjQAAVWAB5dptty573Iw8Q4sqSMx1UPUU0KQASBqBI1O4pwjoc1kqHIDtT2kgcj34kiSASNCBIPcRSK1qyq1/hPId3hTm1cE6trgAcu/1Yf2hUuCTJgHXx1/CmRWsiCokGljQCnEAi4J+hPZiVb1Wke+kl9k+XqKdOWHYSkax60jT9TNWtOr0tW/LsPq25Y0e7B8RWRv5K9DU7j+j4J+CQMMlAFJkTpPmKibkEGD/iNM9ZB8nWewrHdz7P8Aqt9dsRNyT7YGwBke+RH4U+siCB35NfiI/Cq712/3i5fnpF/bqXinXP2y/E+pqyN9hPhVPKAsDMVVB5mpy7f/AN5t7rY0d/vTFP8A8gqf+dQ/GaWR+6s+CfRVW+yPYthSt9KEAd+6QPV2E8+/F2wjYef9NRl2PaP3T6f6mrKUPSUosNihHq7Bf446Rg2zf4/D8qrd5/H57eA/RrYLKlaEJubW5dm18dNw/wDdleJ/pqtvfa/zflXjv7Xh8bYcK2PgaUb1V+u8U2O8kew/M4hLjtr/AJvU08bAC9BzI8soNNEvn7/4sVq72PiPU0+Y7Z+6fUVHJagbgX2R8rA/HFdWAVqnX2Vepp+z2x4Gmh3kVdyQB7RbEO8kB0wAPD9e79SafI3Ph8xTUpVtzc3PxO+K/dEhRjT2iPwp4x2leHzpI7sdJ8fH49+IW7QmEGNSST79qeI3Ph+vWmp8+cE9qb38bfhiLeAGWBG/ypy3z8vnSNSgq1r7X5+GGjnLz+VKUWrkfYflhOiixq0mxFt7+72YKKLVyPsPywUURgorMFFAcTrTYcxyv2b3P1wUUlW2pABVbflY+38MFFAwUUBSb8rXvvgorwI33sR4/wAsFFekJAuR8T+OCsye8/E0FIBJ223t7xgok95+JosgHmMFYooad7gnu/Nxgor1QAAsN7q921vdhynceI9aKNwsdAfA0hJ7z8TStPpN+0fxnD61AUZUJIVpPuKT86xTk1zJ77DxG49xIOJQCSAdiQDTVfYV91XoaWN31KCtyn54dsey4gJ0BUBA7u7wpjTlGSkm9vOSTufWLC2Jdvtp8a1X2T5eopYb2254e0jUhplw4nVue33YSe7B8RWRv5K9DU4j+gfD5YYOkhBIMGRUVd9r+Y+lNdb/ANmVblrHv2A9ytz9cRtxBbUY1MSecxr+NO7HdQ/y6eAKfzqutbIFRe1C+wtyPeD2/wB4KPjimXP2y/E+pqytdgfh8B85qmtBOrMNStcH7ykjf+8HbE7X5m5vzPM741c/vTFf+PP/AOxVLo/dWfBPoqrf5JJ0oAJALabjsJAFie/ni74OPZJ7vyqLu+2fufnVmKB6Df7icdGwXZvy/pFVy8/j8/lWwGOSPYfkcdNw/wDdleJ/pFVt77X+b8qE7+17B8hbC6uyf1zrdG/l8xTY8LaQeelXLvN7fG2IW57a47vzn406aJKxr79fKfw0pklGxSk3uBuew/U79+K1d/xRtOn/ADGpFjtH7p9RTHLSCUgAA+dfa1wTcDbn2c8V5fbV91Xqafs9vyNMz3mlSe7c25W7vltyxDv/AGqv130+RufD5imd2xvbYath6t7Yrt3vrvmPpTtjtn7p9RSRagoG17959h7dziIu9keKvQU9RufD5imt8jUB+0L3Pfe1t+Z5HniKf/h/m+VOW+fl86SpTa97H4/MYZucvP5UpRWE6KAogAi3MdgFt9sFFFYKK8sO4e4YKKyw7h7hgoohwhGokbC2w9dh6u/BRSZx1K0kAG+1iQNt7ntNu3lgoojBRXhIAucFFFFRubE8+/BRXlyeZJ8cFFeXI5G2CigLJFrEjn9MFFFYKKGpQVa19r8/DDlO48R60UaNyB34XpvStPpI9RH8V8OmyUqTBI9obacx3Vg7HwNOTfaBzG/w/liXTuPEetNl9hX3VehpUwSVKJNzYbn24dtfao+8KY08xQA2TYedyPbse3Eu320+Nar7J8vUUq0m2ra3x52w9pGn+n/rR7fmLYSe7B8RWRv5K9DU4jjzbd+n4gYj3uwfEVE3RkyP8R9KaqupIjrBF7K7gdzsD4Eg+q1xvhkoApIIBEHQieVO7IHNPIpnyIBE/Cq61xJVUXiPVz9d1f6vffFQukp69cJETpoKs7fYT4VTPLv9oan/APKS/wDOOGrn96Yr/wAef/2KpZH7qz4J9FVcDJPJH/tj+EYu+D9g/rlUXd9s/cHzqzNA9BH7qB4kX+Qx0bBtm/f+UVXLz+Pz+VbAY5I9h+Rx03D/AN2V4n+kVW3vtf5vyr139rw+mF19k+XqKXaA9nQc+XjTVKvoSQSCEg3uQfXuMQ1z21+B+dOWoCjpzUB7tqZX1BYSQDcbEm1yfbc38cVm70zDuP8A1GnzHbP3T6imSaSDcG1hc27sVt4kFUGND6mn7PbHgaZnjdZPekc+2/fiAeUrMo5jMHWT3mnyNz4fMU0vbFVv75+uIF8nNuf0BTxjdXgPWkSklKTe3qt7DiOu9keKvQU8RufD5imx8efq7FXt37d/vxFP/wAH83/TTlvn5fOkqCTe5J5c/HDNzl5/KlKLHMX78J0US56RPYdx6hgooGCiswUVh5G3dgopMtpZbIKgTfmST+1cbkX2G2CikSklJKTa4ty5bi+Cig4KKAvkPb9DgooIGnc2II27ee/bgooJ5m3fgorzBRRBJPMk+3BRQ0AG9wDy5+OCisICvRAFud9ufsv3YcjQg9xFFGYXpvTkylJQCQCbnewv78OkdtP3k+orCtj4H0pW3y25k2+X44l07jxHrTZfYV91XoaVsgpUoHuHzw7a+1R94Uxp0ik7pubWuBfYb2998S7fbT41qvsny9RS9tQJUk72Atfcc74e0jT5TN1pvvuefjhJ7sHxFaqJCTBjw8anEfkPYPgAB7hiPe7B8RUfcgZdu71NNFa/UOfvfS/zxHvkhtRBIPeDHfTuz3P3B8qr1Wgry9wpUQCN9yLkKWm5t6gB7AMUy5Urrl6nc8z3mrI32E+FUyy9/aOq/wDykj4lBPvJJ9pJwmv+88U/44/1mlx+7NeXoqrg5JSdCFX5JSP+kE/AYu+EGEx3z+AqKu+2fuD51Zig+iPYn5DHSMG2a8Pkarl5/H5/KtgMckew/I46Zh/7srxP9Iqtvfa/zflXrv7Xh9MLq7J8KVanOBP60n501SEqUlKQdyO0nlfl7sQtx21+B+dPGyMx8SPOBPzpnkJCBpIFyeYHde/ccV5/VSuehOvidfGnrHbP3T6imKYDpKu4aT337/Ztiu3YEnTl8jT9ntjwNMrgJKT2AaT7bkj3Db4YrqvtD4H+qnyNz4fMU2uAalkgGxUfj2Yh3gNfEcu8a/GnjG6vAetIXN0277/L+eK5dGSPvEx3SKet8/L502P8vYhZHt83fEe5y8/lThvn5fOkiUlN723t9cN3OXn8qUog8j7DhOiiLk8zfBRWHYE92Cigax3H4fjgooQNxfBRQVqG6d77fQ4KKROqR5ydPn7edYeo8+fLbBRSfBRQF8h7focFFBKgUgb7W+WCivCkgA7b4KKDgooJ0ptcDf1DBRRaQText4kfLBRR1gOQAw4or0cx7R88OKb04segf3j8hh0jtp+8n1FYVsfA+lK0cvH8MS6dx4j1psvsK+6r0NKmCSVXN9hz9uHbX2qPvCmNK0KUk7KIvYbEja4258tj78SyO0PP0Nar7J8vUU6tGxUT/dT9MLp3HiKRqQ0wWcAPefkcbPdg+IrVfZPl6ipvH5eH0TiPe7B8RUfc9n4epprrQ/qqjtfXa/tuB8SMRz/2Sv1304sic6vunn701XitIWqe7pIAT5p3I31KJtYev33xTLn7ZfifU1Z2+wn3D/X51S/L6rZiqItzqT/xUkY1c/vTFf8Ajz/+w0sj91Z8E+iquRkcXY9ob/6UhR9428cXXCNh5/01GXfbPfk+VWVy/wA0+rSfdY28cdJwbZrw+Rqt3gkODvCh6VsBvmmwtte3tBx0zD/3dXif6RVad7afEf8ATXjv7Xh9MLqEpPhPw1pZowseEfGBTW+qyQq3ogC3fftxC3Bla/MfAkU8bEK8ST8RTNJXqPK2xPP/AIh+OK89urwPqaXkjYxTDM9H/AD47b+3EA/2j935Gphjsp+78xTO56CvZiBfA61Wn6/QHwp2jc+HzFNKlWF+dzbn4/TFdu+1/MfSnjHaUPd6EfnSJarpNha3I9u4Pu5Yh7sCEaDdXL3CniNz4fMU2v8A7P8Ai/04inwBlgAdrbypy3z8vnSNZO2/f9MNHOXn8qUopXI+w/LCdFFBNwTflf4C+CigkXBHeLYKKKKFAEgFQA/IwUUAFYHIg/3Qfz2YKKzftBB7QdzgopO62bqXcW227ewYKKT4KKAvkPb9DgooKACTcX2+owUUNRAA2B3tb34KKLBAJNgb9nd8MFFBIB5gH24KKJSrTfa98FFHYcUV6nmPaPnhdWx8D6U3pUi+pG53Xb3C/wAeWH9p/wBX/p/M/Gil7a7LKLXum978uY5eHyxJp3HiPWmq+wr7qvQ0tZNiDb9qx9Y22w7a+1R94UxpUOafUAPabjzvbt8eeJZHaHn6GtV9k+XqKdG1jUU29EJue+6Un4XHuHgunceNI1JKWLLUDuQoWPdsOWNnuwfEVka79x9DU4jC6bd5SPhiPe7B8RUVd9r+Yjyjamisn+rup71JA9R1oN/gffiOf+yV+u+nlnqZ/wAgPx/1NV2rl01BwXOyRe3aQpQv8MUy5+2X4n1NWRoQ2j7omqYUD+0lR/8Aknv4041c/vTFRz+vnT//AKGlf/Js+CPQ1cTJPJH/ALY/hGLvg/YP65Uyd+yX901ZmgnzUnvCR703+mOj4Ns14fI1V7z+Pz+VbAY2CfWPp/LHTMP/AHZXif6RVbe+1/m/KvXtvG35+GHCtj4H0pRrtjy9RTW8bI1W5JULfvX38L4g7gSpfiT8FE0+QJVvzn4QIpiePo+tP1B+mIC47a/5vVVLUwyRZdu4qHxxX3+0r7vyNTDHZT935imx3ks92r4gj64gX/tD+u+naNz4fMUzk6QO3kO7s/liu3fa/mPpTxg+0R/ln4EfnSJRuVp7ze/t1DERd7I8Vegp4jc+HzFN742B7krPu07Yin/4P5v+mnLfPy+dIm+3w+uG9KUXhJe48PmaKApVtrcx87jGlFFYKKzBRWYKKTuq06lWva23LnYevvwUUlW7qSU6bXtve/Ig9w7sFFE4KK8UdIva+9sFFEk3JPeb4KK8wUUIpsAb87fEXwUUWpWm2174KKJwUUcpWm2174cASQO8xRQ08x7R88Lq2PgfSm9KUemn95PzGH9n/wBX/popaj9d/gHzViUR2h5+hpvTgybEnvIHy3+OHTX2qPvCtHNUK15H84pxZRyXfkSLW9Vud/X3YlkdoefoaYL7J8vUUrbRYqXf0rbW5WsOd9+XcMLp3HiKRqTU42cPbqUPDYDGz3YPiKyN/JXoanMYWA9qD7wDiPe7B8RUTdGTP+Y0z1of1Zar81kW8D+GGatj4H0p3ZGSBGyI+AH51XSuf7xd9g+asVC6+2X5elWdvsJ8Kpll83zNUk91QeXfv/SJFv54aPf3/iP3nR8/lSyP3VnwT6Kq4mSj5qB/wIPuA/HF3wfsH9cqi7vtn7n51Zmg+ikdyUj5Y6Ngw0b94n8I+VVy8/j8/lWwGOSPYfkcdNw/92V4n+kVW3vtf5vyr1/s8PrhwrY+B9KUa7Y8vUUzSV2SE25gi9+837sQlx21/wA3qqnyB7XiZ/CPlTK8rSBte3mfW/w5evnitXZnMe9U/wD+jTxmAszHZO/iKYpHpjx+eK29urwPqafs9ueUHWm102UU+u9/bfbEGr7Q+B/qp8jc+HzFND37Y71KHxP4Yg7rcePyFPGD7RH+WfgR+dICLpUn+8ki/dftxE3ZACJMaq38BTxG58PmKb3/ANj/ABf6cRL5BywQe1t5U5b5+XzpG32+H1w3JA3IHjSlF4TWQToZ0+ZooClW2tzHzuMaUUVgorMFFZgooK/RPh8xgopC636S7921vYOd/HlgopPgooC+Q9v0OCigFNgDfnb4i+Cig4KKEU2AN+dviL4KKJc7PH6YKKxvt8PrgoozDiivU8x7R88Lq2PgfSm9KUemn95PzGH9p/1f+minRo/A39wvb4Yk06kEaiRqNedNV9hX3VehpUg6iDa3nAfLDtr7VH3hTGlrJs4k9xJ+BxLt9tPjWq+yfL1FOhFvcD7xfDyR3j40jT7C9P8AxJ+Ywm92D4isjfyV6Gp1H9A+HyxHvdg+IqKu+1/MfSmisj9A8e5Ch8Cb/HDNRABkxofSnlpuB7ifjVcq4/1dQcGnVdCD6VuwptyP92/jbFRu469ZBmT8yKsrfYT4VTWgH/6inpuLJmSFA9hIfUSP+xw0d/v/ABBX8IccQVHshROgnQAyAImTSyT/ALqydtEn4hVXCyOrUlB5eaoc+9RI99xbF2wfsH9cqi7oEqUQDATBMGNJ51Zugeg3+4n4WJ9w3Pqx0bBtm/L+mq5efx+fyrYjCB1SF6t7ejt3kfLfHTsP/dj759I+VVp4/tSI2UPOYoD3uta3r/N/hhZRhJ8I+OlLNCVju7/CDFNEofo079l/bve2IW4ELX4E/GTTxo+0rTmR8ANfwpjfVoSTbci9jtY3vb1/DFaux2ucHf8AmOtOACdACT3ATTJJWVJ3FvM+O23u3xW3t1eB9TUuxsBzy7c9xTS56Q/dT8sQavtD4H+qnaNz4fMU1Pc1fvn5nEHdbjx+Qp2x2z90+opBiFvgSG4BOqtvAU+b5+Xzpvf/AGP8X+nEU4CIkRvv5U4b5+XzpKVgWtY+OG7nLz+VKUQr0T7DhOiiMFFYTYE9wvgooIVcE25dnfgor0G4uRb29mCigKVzHxv44KKb3f1ivD+EYKKLwUUBfIe36HBRQEnSb2vtbBRWBViTbnf4m+CivCbknvN8FFeXHfgory47x7xgooKwTawJ5/TDkbjxHrRRgNiD3G+FlbHwPpTelDZ1KSbW88D4jD227K/5vRNakiDqNjzFOSCQdhe+x9XZf44lrfREHQ66HQ9j3+BpurVKo/wn0NK2zYX7lX+WHTX2qPvCmeVQmUqEb6HTxpW0rSdVuZ5X5chz8MSyO0PP0NJr7J8vUU5pUNhsR33797e/bnhdO48RSNSSn7uC2/nDl4Y2e7B8RWRv5K9DU5Y9HwR/CMR73YPiKiLjl940zVr9Q6fUpJ9QIJv4X/niOf8Aslfrvp/Z8x/ln4kVXCvO6Ki4nTeyBY3t+0sdx7sUy5+2X4n1NWRoQ2kdwFU4oQ/+oJ3/ADsge9wjGrv954rOgGIKM/zqBn3RSn/k2fBHoauBkUWSn1hXw80fBI8b4uuDqTlPtJ1iNRroaZO/ZL+6as7QPRbPcgW/xJCT8r46Tgx9lseHofzqr3eyx4/hH51sBjkj2H5HHTMP/dleJ/pFVt77X+b8q9e9fZa3r/Nz7sOFbHw9NaXa0iO/Xz09KZ5e7afzyNsQlxqtf834EinbXaV5/jlNMcvkO8Akes4rV0CZgE68teZp4x2z90+ophkXX6RNiDqHYk35ctrct8Vx8EFUgjQ7iO+n7Pb8jTa6LKFtwEpAPsHfyviCV9ofA/1U+RufD5imp7mr98/M4g7rcePyFO2O2fun1FICQOZA9u2Ii7IARJA1Vv4CnqNz4fMU3v8A7H+L/TiKfIOWCD2tvKnLfPy+dN+GjnLz+VKViv1Z/eH0wnRSfBRXiiLEX3INh2nBRQU3CTtbmd/YMFFAU5t5xSAe/b3XOCigAhV9JBtzsb29tsFFJHSC4qxvy5ewYKKLwUUBfIe36HBRRdj3HBRXmCiswUUBAIvcEcufjgooCgBaxv4g/LBRXus9w+P44cjUgd5FFG4WVsfA+lNlbHwPpR7PNP74+Yw/s/8Aq/8ATSFOiFEHa2+x8dvriUR2h5+hopUgi3Mc/wAMOmvtUfeFaOdhXhSlHoj89pxLI7Q8/Q0wX2T5eopU2tQUlsiw35ghW4KhzP05YXTuPEetI1KaaspWgADmBvftHtxs92D4isjfyV6Gp/H9A+HyxHvdg+IqKu+1/MfSmetfqHh3oUfHcfTEc/8AZK/XfT2z5n/KR8CKrVmD/eK/3E/xrxTLn7ZfifU1Y2vskfdFU5oLh/pHPTtYTpHt2Xt29pOEnpOJYqI0VermPepVLEf7o0Br2fwmriZFJ6sEDkDb/FpVy581G3s9RxcMGSoJTKT2k8toKt+7cb0yeBDS9D2Ty91Wdy+SW0XFvMT6u7vx1DBtm/DX4VVrz+Pz+VbBZ9FHs/HHTcP/AHZXif6RVbe1d0/xflXr/Z4fXC6uyfCl2hqJ09r5CKaZQHVp3/ZuPbfliFuO2vwPzp02TmPiR5QI+VRyc4UpQRbUTuD2bG+1wdjbFef7So7lepp6x2z90+oplePmrJsCbnu5m+1/biu3e58B6Gn7PbHgabnFJCd1Dn3j14riiA4okwIPrT5G58PmKaXiCV2IJBJFiDe5NuXMEcrc8QdyQSNefyFPGO0o+71I/Km1zcg99/z8cQ19s34q9E09b5+XzpuW4VW1aRa9rbc7d5PdiKc5efypw3z8vnSTDdzl5/KlKAtRCdIt51r99gR/PCdFEkgA7i9thgoooqJIO22Cih6rpN7A77eGCiiFoCwAbi3K38wcFFYgJaCrHY8yojbs9WCikawAo6Tcd9weYudx68FFBwUUBfIe36HBRQCokAbbYKKDgorLgczbBRRZWocwB7QfxwUV4lIVe99rfXBRXigBaxv4g/LDkbjxHrRR1weRvhZWx8D6U2VsfA+lHNm247FX91sP7P8A6v8A00hS5lalq84AAciARv3XJI7tsSiO0PP0NFLU+kB2bHx3/Ae/Dpr7VH3hWq+wr7ppc3yT7friWR2h5+hqPX2T5eopclKVuqWT6ITYgi3oJHce/v54XTuPEetI1Iad+sR++PkbY2e7B8RWRv5K9DWwo/oHw+WI97sHxFRV32v5j6U0Vn/Z3j3JUPCxP1xHP/ZK/XfT2z3I/wAs/Eiq3VtAcqDxJI0gJFrct1b3B3uo/DFMuftl+J9TViZ+zT7gPQH51S+hf2lqH/PP/wCaMaL/ALzxT/jj/Wacj92a8vRVXHyKo2SnaxsfXsE4u+Edg+KflTZ/7F37ivSrQUD0G/3E46Pguzfl/SKqF5/H5/Kp836CfZjplh+7K+8PRNV1z7YfePoK9Xun2cvf/PDhXZP630pdI9oe8z8B/pTPLJASnssPbvv88Q1xotfgfxk04b7XiT+GnyFR6UgLXY3FibW8O8HvxXXt1eB9TT1jtn7p9RTHIOzg7ElSR7AbC/rsMV273PgPQ0/Z7Y8DTQ/6HtUPkTisvbq8D6mnyNz4fMU3K2WR3BP1xB3HbPiflTxjdXgPWkTnZ4/TETfbN+KvRNPW+fl86Z3Ozx+mIpzl5/KnDfPy+dF4bucvP5UpQVJBud9h+OE6KTlIJub4KKLUADYd344KKDgory+/jb/pvgooDv6tXh/EMFFI8FFZgooC+Q9v0OCiisFFZgooC+Q9v0OCigFRVa9tsFFYFFN7W378FFBw4ooaVEWG25wurY+B9KbK2PgfSlSOR9v0GH9n/wBX/ppCl0fl/j+icSiO0PP0NFLRsQe7Dpr7VH3hWjmiFeB/HSlKFkhI25/6vbiWR2h5+hpgvsny9RTmxuFD9z/ThdO48R60jUhpnnON3/8A1ANu4XHyGNnuwfEVkb+SvQ1sKNug+0fDbEe92D4ioq77X8x9Kaaz/sz3sV/CcRz/ANkr9d9PbPc/cHqKrZXVluougAHUkKN787qTtYjayR43xTLn7ZfifU1Y2fs0e9I9APlX/9k=', '2018-02-01 17:03:58', '127.0.0.1');
INSERT INTO `mz_user` (`uid`, `uname`, `upwd`, `tel`, `avatar`, `mtime`, `ip`) VALUES
(2, 'yangyang', '1db699d14fa62d9c8e3e0e98929c46e3', '13967899898', 'default', '2018-02-01 17:04:23', '127.0.0.1'),
(3, 'jackChen', '1db699d14fa62d9c8e3e0e98929c46e3', '13789789898', 'default', '2018-02-01 17:14:25', '127.0.0.1'),
(4, 'jerrey', '1db699d14fa62d9c8e3e0e98929c46e3', '13987899789', 'default', '2018-02-01 17:15:29', '127.0.0.1');

-- --------------------------------------------------------

--
-- 表的结构 `t_log`
--

CREATE TABLE `t_log` (
  `tid` int(11) NOT NULL,
  `uid` int(11) NOT NULL DEFAULT '0',
  `optime` datetime NOT NULL DEFAULT '0000-00-00 00:00:00',
  `desct` varchar(255) NOT NULL DEFAULT ''
) ENGINE=InnoDB DEFAULT CHARSET=utf8;

--
-- 转存表中的数据 `t_log`
--

INSERT INTO `t_log` (`tid`, `uid`, `optime`, `desct`) VALUES
(1, 1, '2018-02-03 23:17:25', '登录 127.0.0.1');

--
-- Indexes for dumped tables
--

--
-- Indexes for table `mz_home_banner`
--
ALTER TABLE `mz_home_banner`
  ADD PRIMARY KEY (`bid`);

--
-- Indexes for table `mz_phone`
--
ALTER TABLE `mz_phone`
  ADD PRIMARY KEY (`phone_id`),
  ADD KEY `phone_family_id` (`phone_family_id`);

--
-- Indexes for table `mz_phone_family`
--
ALTER TABLE `mz_phone_family`
  ADD PRIMARY KEY (`fid`);

--
-- Indexes for table `mz_phone_pic`
--
ALTER TABLE `mz_phone_pic`
  ADD PRIMARY KEY (`pid`),
  ADD UNIQUE KEY `phone_id` (`phone_id`),
  ADD KEY `fid` (`fid`);

--
-- Indexes for table `mz_user`
--
ALTER TABLE `mz_user`
  ADD PRIMARY KEY (`uid`),
  ADD UNIQUE KEY `uname` (`uname`);

--
-- Indexes for table `t_log`
--
ALTER TABLE `t_log`
  ADD PRIMARY KEY (`tid`),
  ADD KEY `uid` (`uid`);

--
-- 在导出的表使用AUTO_INCREMENT
--

--
-- 使用表AUTO_INCREMENT `mz_home_banner`
--
ALTER TABLE `mz_home_banner`
  MODIFY `bid` int(11) NOT NULL AUTO_INCREMENT, AUTO_INCREMENT=7;
--
-- 使用表AUTO_INCREMENT `mz_phone`
--
ALTER TABLE `mz_phone`
  MODIFY `phone_id` int(11) NOT NULL AUTO_INCREMENT, AUTO_INCREMENT=81;
--
-- 使用表AUTO_INCREMENT `mz_phone_family`
--
ALTER TABLE `mz_phone_family`
  MODIFY `fid` int(11) NOT NULL AUTO_INCREMENT, AUTO_INCREMENT=41;
--
-- 使用表AUTO_INCREMENT `mz_phone_pic`
--
ALTER TABLE `mz_phone_pic`
  MODIFY `pid` int(11) NOT NULL AUTO_INCREMENT, AUTO_INCREMENT=85;
--
-- 使用表AUTO_INCREMENT `mz_user`
--
ALTER TABLE `mz_user`
  MODIFY `uid` int(11) NOT NULL AUTO_INCREMENT, AUTO_INCREMENT=5;
--
-- 使用表AUTO_INCREMENT `t_log`
--
ALTER TABLE `t_log`
  MODIFY `tid` int(11) NOT NULL AUTO_INCREMENT, AUTO_INCREMENT=2;
--
-- 限制导出的表
--

--
-- 限制表 `mz_phone`
--
ALTER TABLE `mz_phone`
  ADD CONSTRAINT `mz_phone_ibfk_1` FOREIGN KEY (`phone_family_id`) REFERENCES `mz_phone_family` (`fid`);

--
-- 限制表 `mz_phone_pic`
--
ALTER TABLE `mz_phone_pic`
  ADD CONSTRAINT `mz_phone_pic_ibfk_1` FOREIGN KEY (`phone_id`) REFERENCES `mz_phone` (`phone_id`),
  ADD CONSTRAINT `mz_phone_pic_ibfk_2` FOREIGN KEY (`fid`) REFERENCES `mz_phone_family` (`fid`);

--
-- 限制表 `t_log`
--
ALTER TABLE `t_log`
  ADD CONSTRAINT `t_log_ibfk_1` FOREIGN KEY (`uid`) REFERENCES `mz_user` (`uid`);

/*!40101 SET CHARACTER_SET_CLIENT=@OLD_CHARACTER_SET_CLIENT */;
/*!40101 SET CHARACTER_SET_RESULTS=@OLD_CHARACTER_SET_RESULTS */;
/*!40101 SET COLLATION_CONNECTION=@OLD_COLLATION_CONNECTION */;
